id1,id2
3,0
5,3
10,6
11,9
17,12
18,15
22,18
23,21
25,24
26,27
27,30
30,33
32,36
35,39
36,42
39,45
40,48
44,51
45,54
46,57
47,60
48,63
49,66
51,69
54,72
55,75
58,78
59,81
61,84
64,87
65,90
68,93
69,96
71,99
72,102
75,105
76,108
79,111
83,114
85,117
87,120
88,123
90,126
93,129
95,132
96,135
98,138
100,141
103,144
109,147
110,150
112,153
113,156
114,159
119,162
120,165
123,168
124,171
127,174
128,177
129,180
130,183
131,186
134,189
135,192
137,195
150,198
153,201
155,204
156,207
159,210
160,213
163,216
165,219
168,222
170,225
173,228
174,231
177,234
179,237
180,240
182,243
186,246
188,249
189,252
190,255
191,258
195,261
197,264
199,267
202,270
203,273
204,276
206,279
212,282
214,285
215,288
216,291
217,294
219,297
220,300
221,303
222,306
223,309
224,312
226,315
227,318
228,321
229,324
230,327
233,330
235,333
236,336
240,339
241,342
242,345
244,348
249,351
251,354
253,357
254,360
255,363
258,366
259,369
262,372
263,375
264,378
268,381
269,384
270,387
271,390
274,393
275,396
277,399
278,402
279,405
284,408
285,411
286,414
287,417
288,420
289,423
291,426
294,429
295,432
296,435
298,438
299,441
300,444
302,447
303,450
304,453
308,456
312,459
313,462
314,465
315,468
319,471
321,474
325,477
328,480
329,483
330,486
333,489
340,492
342,495
347,498
348,501
349,504
351,507
354,510
355,513
357,516
359,519
360,522
363,525
364,528
368,531
369,534
370,537
371,540
372,543
373,546
376,549
378,552
380,555
383,558
385,561
386,564
390,567
391,570
392,573
393,576
395,579
398,582
399,585
400,588
401,591
402,594
407,597
410,600
412,603
413,606
414,609
415,612
416,615
417,618
418,621
419,624
424,627
425,630
426,633
427,636
428,639
429,642
431,645
432,648
434,651
437,654
438,657
439,660
440,663
441,666
442,669
443,672
446,675
448,678
455,681
456,684
457,687
458,690
460,693
465,696
467,699
469,702
470,705
474,708
482,711
485,714
487,717
490,720
492,723
498,726
499,729
500,732
505,735
508,738
510,741
511,744
513,747
518,750
519,753
521,756
522,759
523,762
529,765
531,768
532,771
533,774
536,777
537,780
539,783
540,786
542,789
545,792
548,795
552,798
554,801
557,804
559,807
560,810
561,813
562,816
565,819
566,822
569,825
570,828
571,831
572,834
573,837
575,840
576,843
577,846
578,849
581,852
582,855
583,858
585,861
586,864
588,867
590,870
591,873
592,876
593,879
597,882
599,885
600,888
601,891
604,894
606,897
608,900
612,903
614,906
615,909
616,912
624,915
630,918
632,921
633,924
634,927
635,930
639,933
640,936
642,939
643,942
646,945
647,948
648,951
649,954
651,957
659,960
660,963
664,966
666,969
667,972
668,975
669,978
670,981
671,984
672,987
673,990
675,993
680,996
681,999
682,1002
684,1005
685,1008
686,1011
689,1014
692,1017
693,1020
695,1023
696,1026
697,1029
698,1032
699,1035
702,1038
703,1041
705,1044
707,1047
709,1050
711,1053
712,1056
713,1059
716,1062
717,1065
719,1068
720,1071
722,1074
723,1077
724,1080
725,1083
727,1086
728,1089
731,1092
732,1095
733,1098
738,1101
739,1104
740,1107
741,1110
743,1113
745,1116
746,1119
747,1122
748,1125
749,1128
750,1131
751,1134
752,1137
753,1140
754,1143
760,1146
762,1149
764,1152
766,1155
767,1158
768,1161
769,1164
771,1167
773,1170
779,1173
780,1176
781,1179
783,1182
784,1185
787,1188
791,1191
792,1194
798,1197
801,1200
803,1203
804,1206
807,1209
808,1212
809,1215
810,1218
812,1221
813,1224
816,1227
817,1230
819,1233
820,1236
821,1239
822,1242
824,1245
826,1248
831,1251
833,1254
834,1257
836,1260
838,1263
839,1266
840,1269
843,1272
845,1275
846,1278
849,1281
850,1284
856,1287
861,1290
863,1293
867,1296
868,1299
869,1302
870,1305
872,1308
875,1311
879,1314
882,1317
884,1320
887,1323
891,1326
892,1329
896,1332
897,1335
898,1338
899,1341
900,1344
903,1347
905,1350
906,1353
907,1356
909,1359
910,1362
913,1365
915,1368
919,1371
920,1374
921,1377
924,1380
926,1383
930,1386
931,1389
939,1392
940,1395
941,1398
942,1401
944,1404
946,1407
947,1410
950,1413
957,1416
959,1419
960,1422
961,1425
962,1428
966,1431
967,1434
968,1437
969,1440
971,1443
976,1446
977,1449
978,1452
980,1455
981,1458
982,1461
984,1464
985,1467
988,1470
989,1473
990,1476
992,1479
993,1482
1000,1485
1001,1488
1002,1491
1004,1494
1005,1497
1007,1500
1008,1503
1009,1506
1021,1509
1022,1512
1023,1515
1024,1518
1029,1521
1030,1524
1034,1527
1035,1530
1038,1533
1041,1536
1044,1539
1045,1542
1046,1545
1050,1548
1051,1551
1052,1554
1053,1557
1054,1560
1055,1563
1057,1566
1058,1569
1061,1572
1063,1575
1064,1578
1065,1581
1069,1584
1071,1587
1072,1590
1076,1593
1077,1596
1079,1599
1082,1602
1087,1605
1088,1608
1092,1611
1094,1614
1095,1617
1097,1620
1098,1623
1101,1626
1102,1629
1105,1632
1106,1635
1107,1638
1108,1641
1112,1644
1116,1647
1117,1650
1118,1653
1120,1656
1121,1659
1122,1662
1123,1665
1124,1668
1125,1671
1126,1674
1127,1677
1128,1680
1129,1683
1130,1686
1133,1689
1135,1692
1142,1695
1143,1698
1144,1701
1145,1704
1148,1707
1151,1710
1154,1713
1156,1716
1157,1719
1158,1722
1159,1725
1161,1728
1164,1731
1170,1734
1171,1737
1172,1740
1173,1743
1175,1746
1177,1749
1178,1752
1179,1755
1183,1758
1185,1761
1186,1764
1187,1767
1189,1770
1190,1773
1191,1776
1192,1779
1198,1782
1199,1785
1201,1788
1206,1791
1207,1794
1208,1797
1209,1800
1211,1803
1214,1806
1215,1809
1216,1812
1218,1815
1221,1818
1226,1821
1231,1824
1233,1827
1234,1830
1235,1833
1237,1836
1240,1839
1243,1842
1244,1845
1246,1848
1250,1851
1252,1854
1253,1857
1254,1860
1255,1863
1257,1866
1262,1869
1263,1872
1264,1875
1267,1878
1272,1881
1274,1884
1275,1887
1276,1890
1277,1893
1278,1896
1279,1899
1280,1902
1282,1905
1283,1908
1284,1911
1286,1914
1287,1917
1289,1920
1291,1923
1294,1926
1295,1929
1296,1932
1297,1935
1298,1938
1299,1941
1301,1944
1303,1947
1305,1950
1307,1953
1308,1956
1311,1959
1313,1962
1318,1965
1321,1968
1329,1971
1330,1974
1331,1977
1332,1980
1333,1983
1337,1986
1338,1989
1340,1992
1341,1995
1342,1998
1343,2001
1344,2004
1348,2007
1349,2010
1350,2013
1354,2016
1355,2019
1356,2022
1358,2025
1360,2028
1362,2031
1366,2034
1367,2037
1370,2040
1371,2043
1373,2046
1374,2049
1375,2052
1376,2055
1377,2058
1380,2061
1381,2064
1385,2067
1389,2070
1392,2073
1393,2076
1394,2079
1395,2082
1397,2085
1404,2088
1407,2091
1408,2094
1411,2097
1413,2100
1416,2103
1417,2106
1421,2109
1422,2112
1424,2115
1425,2118
1426,2121
1427,2124
1429,2127
1430,2130
1431,2133
1435,2136
1437,2139
1439,2142
1440,2145
1442,2148
1445,2151
1446,2154
1448,2157
1452,2160
1454,2163
1455,2166
1456,2169
1458,2172
1460,2175
1462,2178
1463,2181
1464,2184
1465,2187
1466,2190
1467,2193
1470,2196
1473,2199
1474,2202
1475,2205
1476,2208
1477,2211
1479,2214
1481,2217
1484,2220
1485,2223
1486,2226
1487,2229
1489,2232
1490,2235
1492,2238
1495,2241
1498,2244
1499,2247
1502,2250
1503,2253
1505,2256
1506,2259
1508,2262
1509,2265
1510,2268
1512,2271
1513,2274
1515,2277
1517,2280
1518,2283
1520,2286
1522,2289
1524,2292
1525,2295
1526,2298
1528,2301
1529,2304
1531,2307
1533,2310
1534,2313
1535,2316
1536,2319
1537,2322
1538,2325
1541,2328
1543,2331
1549,2334
1550,2337
1552,2340
1554,2343
1555,2346
1556,2349
1557,2352
1559,2355
1561,2358
1562,2361
1563,2364
1564,2367
1565,2370
1566,2373
1567,2376
1573,2379
1575,2382
1576,2385
1577,2388
1579,2391
1581,2394
1587,2397
1589,2400
1590,2403
1592,2406
1593,2409
1594,2412
1595,2415
1599,2418
1600,2421
1602,2424
1603,2427
1604,2430
1608,2433
1609,2436
1611,2439
1614,2442
1619,2445
1620,2448
1622,2451
1625,2454
1628,2457
1630,2460
1631,2463
1633,2466
1638,2469
1639,2472
1640,2475
1641,2478
1646,2481
1647,2484
1648,2487
1651,2490
1652,2493
1654,2496
1655,2499
1657,2502
1659,2505
1661,2508
1662,2511
1664,2514
1665,2517
1667,2520
1668,2523
1674,2526
1675,2529
1676,2532
1677,2535
1679,2538
1681,2541
1683,2544
1684,2547
1686,2550
1687,2553
1688,2556
1690,2559
1693,2562
1694,2565
1696,2568
1699,2571
1701,2574
1706,2577
1707,2580
1708,2583
1709,2586
1710,2589
1712,2592
1713,2595
1714,2598
1715,2601
1718,2604
1722,2607
1723,2610
1724,2613
1725,2616
1726,2619
1728,2622
1732,2625
1733,2628
1736,2631
1737,2634
1739,2637
1740,2640
1741,2643
1742,2646
1743,2649
1744,2652
1745,2655
1751,2658
1753,2661
1754,2664
1756,2667
1759,2670
1760,2673
1761,2676
1763,2679
1764,2682
1767,2685
1768,2688
1769,2691
1770,2694
1772,2697
1774,2700
1779,2703
1783,2706
1784,2709
1786,2712
1791,2715
1793,2718
1795,2721
1796,2724
1797,2727
1798,2730
1800,2733
1806,2736
1807,2739
1809,2742
1813,2745
1815,2748
1817,2751
1821,2754
1824,2757
1826,2760
1830,2763
1832,2766
1833,2769
1834,2772
1837,2775
1838,2778
1841,2781
1842,2784
1843,2787
1850,2790
1853,2793
1855,2796
1857,2799
1858,2802
1859,2805
1860,2808
1867,2811
1868,2814
1872,2817
1873,2820
1875,2823
1877,2826
1880,2829
1881,2832
1882,2835
1884,2838
1885,2841
1886,2844
1887,2847
1888,2850
1889,2853
1890,2856
1891,2859
1895,2862
1896,2865
1897,2868
1899,2871
1901,2874
1903,2877
1904,2880
1908,2883
1912,2886
1914,2889
1915,2892
1917,2895
1918,2898
1920,2901
1926,2904
1927,2907
1929,2910
1930,2913
1931,2916
1933,2919
1935,2922
1936,2925
1941,2928
1943,2931
1947,2934
1951,2937
1953,2940
1955,2943
1957,2946
1960,2949
1962,2952
1963,2955
1964,2958
1965,2961
1966,2964
1968,2967
1969,2970
1975,2973
1979,2976
1980,2979
1984,2982
1989,2985
1990,2988
1993,2991
1995,2994
1999,2997
2001,3000
2002,3003
2013,3006
2019,3009
2020,3012
2021,3015
2022,3018
2023,3021
2025,3024
2026,3027
2029,3030
2030,3033
2031,3036
2032,3039
2034,3042
2035,3045
2037,3048
2040,3051
2041,3054
2042,3057
2044,3060
2047,3063
2048,3066
2050,3069
2052,3072
2056,3075
2058,3078
2059,3081
2063,3084
2065,3087
2066,3090
2068,3093
2073,3096
2077,3099
2078,3102
2079,3105
2080,3108
2081,3111
2083,3114
2084,3117
2085,3120
2086,3123
2087,3126
2091,3129
2097,3132
2101,3135
2102,3138
2104,3141
2106,3144
2107,3147
2108,3150
2109,3153
2112,3156
2115,3159
2119,3162
2122,3165
2125,3168
2128,3171
2129,3174
2131,3177
2132,3180
2139,3183
2146,3186
2149,3189
2151,3192
2154,3195
2156,3198
2157,3201
2159,3204
2163,3207
2165,3210
2169,3213
2170,3216
2171,3219
2172,3222
2174,3225
2176,3228
2177,3231
2178,3234
2179,3237
2182,3240
2188,3243
2197,3246
2199,3249
2203,3252
2204,3255
2205,3258
2206,3261
2207,3264
2208,3267
2213,3270
2215,3273
2217,3276
2225,3279
2226,3282
2229,3285
2230,3288
2237,3291
2238,3294
2243,3297
2244,3300
2246,3303
2250,3306
2252,3309
2253,3312
2257,3315
2259,3318
2260,3321
2263,3324
2265,3327
2266,3330
2267,3333
2268,3336
2269,3339
2271,3342
2272,3345
2273,3348
2275,3351
2277,3354
2280,3357
2282,3360
2284,3363
2285,3366
2286,3369
2288,3372
2291,3375
2292,3378
2295,3381
2297,3384
2298,3387
2299,3390
2300,3393
2302,3396
2304,3399
2305,3402
2306,3405
2307,3408
2308,3411
2316,3414
2317,3417
2318,3420
2320,3423
2323,3426
2324,3429
2325,3432
2326,3435
2331,3438
2332,3441
2334,3444
2335,3447
2336,3450
2337,3453
2338,3456
2341,3459
2344,3462
2348,3465
2349,3468
2350,3471
2351,3474
2356,3477
2357,3480
2360,3483
2363,3486
2364,3489
2366,3492
2367,3495
2370,3498
2371,3501
2374,3504
2375,3507
2376,3510
2378,3513
2379,3516
2385,3519
2386,3522
2388,3525
2393,3528
2395,3531
2396,3534
2397,3537
2401,3540
2403,3543
2405,3546
2406,3549
2407,3552
2408,3555
2409,3558
2414,3561
2416,3564
2417,3567
2418,3570
2419,3573
2420,3576
2423,3579
2425,3582
2428,3585
2429,3588
2430,3591
2431,3594
2432,3597
2433,3600
2434,3603
2436,3606
2438,3609
2439,3612
2440,3615
2448,3618
2451,3621
2453,3624
2459,3627
2462,3630
2463,3633
2464,3636
2469,3639
2472,3642
2473,3645
2474,3648
2476,3651
2477,3654
2479,3657
2481,3660
2482,3663
2484,3666
2485,3669
2489,3672
2494,3675
2496,3678
2497,3681
2498,3684
2500,3687
2501,3690
2502,3693
2503,3696
2507,3699
2510,3702
2516,3705
2518,3708
2526,3711
2528,3714
2529,3717
2530,3720
2533,3723
2540,3726
2544,3729
2548,3732
2550,3735
2554,3738
2556,3741
2557,3744
2558,3747
2559,3750
2564,3753
2565,3756
2567,3759
2569,3762
2571,3765
2572,3768
2575,3771
2578,3774
2579,3777
2581,3780
2586,3783
2588,3786
2598,3789
2599,3792
2600,3795
2601,3798
2605,3801
2607,3804
2616,3807
2618,3810
2620,3813
2622,3816
2624,3819
2625,3822
2628,3825
2630,3828
2631,3831
2632,3834
2633,3837
2635,3840
2636,3843
2639,3846
2641,3849
2646,3852
2647,3855
2650,3858
2651,3861
2657,3864
2658,3867
2662,3870
2664,3873
2665,3876
2667,3879
2668,3882
2673,3885
2678,3888
2679,3891
2684,3894
2687,3897
2688,3900
2689,3903
2692,3906
2693,3909
2695,3912
2704,3915
2706,3918
2707,3921
2710,3924
2712,3927
2713,3930
2714,3933
2715,3936
2717,3939
2721,3942
2722,3945
2723,3948
2726,3951
2727,3954
2728,3957
2730,3960
2731,3963
2736,3966
2737,3969
2738,3972
2740,3975
2744,3978
2749,3981
2751,3984
2752,3987
2753,3990
2754,3993
2756,3996
2759,3999
2760,4002
2761,4005
2764,4008
2767,4011
2771,4014
2774,4017
2779,4020
2781,4023
2783,4026
2785,4029
2787,4032
2788,4035
2789,4038
2790,4041
2792,4044
2795,4047
2796,4050
2798,4053
2799,4056
2800,4059
2802,4062
2803,4065
2808,4068
2810,4071
2811,4074
2812,4077
2815,4080
2817,4083
2821,4086
2823,4089
2825,4092
2828,4095
2829,4098
2830,4101
2831,4104
2832,4107
2834,4110
2836,4113
2837,4116
2839,4119
2842,4122
2843,4125
2846,4128
2847,4131
2848,4134
2849,4137
2852,4140
2853,4143
2854,4146
2856,4149
2857,4152
2858,4155
2860,4158
2861,4161
2863,4164
2864,4167
2865,4170
2867,4173
2868,4176
2872,4179
2873,4182
2874,4185
2876,4188
2877,4191
2880,4194
2881,4197
2882,4200
2883,4203
2884,4206
2889,4209
2890,4212
2894,4215
2897,4218
2899,4221
2901,4224
2902,4227
2903,4230
2905,4233
2906,4236
2907,4239
2909,4242
2910,4245
2911,4248
2917,4251
2919,4254
2921,4257
2922,4260
2925,4263
2928,4266
2930,4269
2932,4272
2933,4275
2934,4278
2935,4281
2937,4284
2938,4287
2940,4290
2942,4293
2944,4296
2945,4299
2946,4302
2947,4305
2949,4308
2951,4311
2952,4314
2953,4317
2957,4320
2959,4323
2962,4326
2963,4329
2965,4332
2966,4335
2971,4338
2973,4341
2974,4344
2977,4347
2978,4350
2980,4353
2981,4356
2984,4359
2989,4362
2991,4365
2992,4368
2994,4371
2997,4374
3000,4377
3001,4380
3002,4383
3003,4386
3004,4389
3005,4392
3006,4395
3009,4398
3010,4401
3011,4404
3022,4407
3023,4410
3026,4413
3029,4416
3031,4419
3032,4422
3035,4425
3037,4428
3039,4431
3040,4434
3042,4437
3043,4440
3045,4443
3052,4446
3054,4449
3055,4452
3056,4455
3057,4458
3058,4461
3060,4464
3063,4467
3066,4470
3067,4473
3069,4476
3070,4479
3073,4482
3074,4485
3075,4488
3076,4491
3077,4494
3083,4497
3084,4500
3086,4503
3089,4506
3091,4509
3092,4512
3098,4515
3099,4518
3103,4521
3107,4524
3109,4527
3111,4530
3118,4533
3121,4536
3122,4539
3123,4542
3126,4545
3127,4548
3128,4551
3129,4554
3135,4557
3136,4560
3137,4563
3138,4566
3140,4569
3143,4572
3148,4575
3149,4578
3153,4581
3157,4584
3158,4587
3159,4590
3160,4593
3161,4596
3163,4599
3165,4602
3166,4605
3167,4608
3170,4611
3175,4614
3178,4617
3181,4620
3182,4623
3185,4626
3187,4629
3188,4632
3191,4635
3192,4638
3195,4641
3200,4644
3202,4647
3203,4650
3204,4653
3207,4656
3208,4659
3209,4662
3212,4665
3213,4668
3214,4671
3216,4674
3219,4677
3220,4680
3224,4683
3226,4686
3227,4689
3230,4692
3232,4695
3233,4698
3234,4701
3238,4704
3243,4707
3245,4710
3246,4713
3247,4716
3250,4719
3251,4722
3253,4725
3254,4728
3255,4731
3256,4734
3258,4737
3261,4740
3262,4743
3264,4746
3267,4749
3268,4752
3269,4755
3270,4758
3274,4761
3275,4764
3277,4767
3279,4770
3283,4773
3284,4776
3287,4779
3289,4782
3290,4785
3291,4788
3293,4791
3296,4794
3301,4797
3305,4800
3307,4803
3309,4806
3310,4809
3311,4812
3315,4815
3318,4818
3321,4821
3323,4824
3324,4827
3326,4830
3330,4833
3332,4836
3333,4839
3335,4842
3336,4845
3340,4848
3342,4851
3348,4854
3350,4857
3351,4860
3353,4863
3354,4866
3355,4869
3358,4872
3359,4875
3360,4878
3361,4881
3364,4884
3365,4887
3368,4890
3374,4893
3375,4896
3378,4899
3382,4902
3385,4905
3388,4908
3389,4911
3390,4914
3393,4917
3394,4920
3395,4923
3396,4926
3397,4929
3401,4932
3402,4935
3405,4938
3406,4941
3407,4944
3409,4947
3412,4950
3414,4953
3419,4956
3420,4959
3421,4962
3425,4965
3426,4968
3427,4971
3431,4974
3435,4977
3436,4980
3437,4983
3438,4986
3440,4989
3441,4992
3442,4995
3443,4998
3445,5001
3451,5004
3452,5007
3456,5010
3457,5013
3461,5016
3463,5019
3464,5022
3468,5025
3469,5028
3470,5031
3472,5034
3473,5037
3474,5040
3475,5043
3478,5046
3479,5049
3480,5052
3481,5055
3483,5058
3485,5061
3486,5064
3487,5067
3489,5070
3491,5073
3492,5076
3496,5079
3497,5082
3499,5085
3501,5088
3504,5091
3505,5094
3506,5097
3507,5100
3509,5103
3512,5106
3513,5109
3514,5112
3519,5115
3520,5118
3522,5121
3523,5124
3524,5127
3526,5130
3528,5133
3529,5136
3530,5139
3532,5142
3533,5145
3535,5148
3536,5151
3537,5154
3538,5157
3540,5160
3542,5163
3544,5166
3546,5169
3548,5172
3550,5175
3553,5178
3554,5181
3555,5184
3558,5187
3560,5190
3562,5193
3563,5196
3565,5199
3570,5202
3572,5205
3576,5208
3578,5211
3580,5214
3582,5217
3583,5220
3584,5223
3586,5226
3587,5229
3588,5232
3593,5235
3595,5238
3596,5241
3600,5244
3602,5247
3603,5250
3606,5253
3608,5256
3609,5259
3610,5262
3615,5265
3617,5268
3619,5271
3620,5274
3622,5277
3628,5280
3631,5283
3633,5286
3635,5289
3643,5292
3645,5295
3651,5298
3652,5301
3653,5304
3655,5307
3657,5310
3658,5313
3659,5316
3660,5319
3661,5322
3662,5325
3663,5328
3664,5331
3666,5334
3669,5337
3670,5340
3671,5343
3673,5346
3674,5349
3676,5352
3677,5355
3678,5358
3679,5361
3680,5364
3681,5367
3683,5370
3684,5373
3685,5376
3686,5379
3688,5382
3690,5385
3691,5388
3693,5391
3694,5394
3695,5397
3696,5400
3698,5403
3699,5406
3700,5409
3702,5412
3710,5415
3711,5418
3713,5421
3714,5424
3716,5427
3718,5430
3719,5433
3720,5436
3721,5439
3724,5442
3725,5445
3729,5448
3730,5451
3731,5454
3738,5457
3739,5460
3742,5463
3743,5466
3747,5469
3749,5472
3750,5475
3751,5478
3752,5481
3753,5484
3755,5487
3756,5490
3760,5493
3761,5496
3763,5499
3767,5502
3768,5505
3772,5508
3775,5511
3777,5514
3780,5517
3785,5520
3787,5523
3788,5526
3789,5529
3790,5532
3792,5535
3793,5538
3796,5541
3797,5544
3799,5547
3804,5550
3805,5553
3807,5556
3808,5559
3811,5562
3814,5565
3818,5568
3819,5571
3820,5574
3821,5577
3822,5580
3825,5583
3827,5586
3829,5589
3830,5592
3832,5595
3834,5598
3835,5601
3837,5604
3839,5607
3843,5610
3845,5613
3847,5616
3848,5619
3851,5622
3852,5625
3853,5628
3854,5631
3856,5634
3857,5637
3865,5640
3867,5643
3869,5646
3871,5649
3872,5652
3873,5655
3874,5658
3875,5661
3876,5664
3877,5667
3881,5670
3883,5673
3884,5676
3888,5679
3889,5682
3891,5685
3892,5688
3893,5691
3895,5694
3896,5697
3898,5700
3901,5703
3902,5706
3903,5709
3905,5712
3906,5715
3910,5718
3911,5721
3912,5724
3913,5727
3914,5730
3916,5733
3917,5736
3918,5739
3919,5742
3922,5745
3926,5748
3928,5751
3931,5754
3933,5757
3935,5760
3936,5763
3937,5766
3939,5769
3940,5772
3942,5775
3944,5778
3948,5781
3949,5784
3950,5787
3953,5790
3955,5793
3959,5796
3960,5799
3961,5802
3962,5805
3963,5808
3964,5811
3965,5814
3966,5817
3968,5820
3969,5823
3971,5826
3973,5829
3974,5832
3975,5835
3979,5838
3981,5841
3984,5844
3985,5847
3986,5850
3987,5853
3990,5856
3992,5859
3996,5862
3997,5865
3998,5868
4001,5871
4010,5874
4011,5877
4015,5880
4016,5883
4020,5886
4021,5889
4022,5892
4023,5895
4024,5898
4025,5901
4029,5904
4030,5907
4032,5910
4033,5913
4034,5916
4035,5919
4036,5922
4037,5925
4038,5928
4039,5931
4042,5934
4045,5937
4046,5940
4047,5943
4048,5946
4049,5949
4052,5952
4055,5955
4056,5958
4057,5961
4058,5964
4062,5967
4067,5970
4068,5973
4069,5976
4071,5979
4072,5982
4081,5985
4084,5988
4088,5991
4089,5994
4090,5997
4091,6000
4092,6003
4093,6006
4096,6009
4097,6012
4098,6015
4099,6018
4102,6021
4103,6024
4105,6027
4109,6030
4111,6033
4112,6036
4114,6039
4115,6042
4120,6045
4122,6048
4123,6051
4124,6054
4126,6057
4127,6060
4129,6063
4134,6066
4136,6069
4137,6072
4138,6075
4139,6078
4143,6081
4144,6084
4145,6087
4146,6090
4147,6093
4149,6096
4150,6099
4152,6102
4153,6105
4154,6108
4155,6111
4156,6114
4157,6117
4158,6120
4159,6123
4161,6126
4162,6129
4163,6132
4164,6135
4165,6138
4166,6141
4167,6144
4171,6147
4172,6150
4173,6153
4174,6156
4175,6159
4176,6162
4178,6165
4180,6168
4181,6171
4183,6174
4185,6177
4186,6180
4188,6183
4190,6186
4191,6189
4192,6192
4193,6195
4194,6198
4200,6201
4211,6204
4212,6207
4213,6210
4216,6213
4217,6216
4218,6219
4220,6222
4221,6225
4222,6228
4223,6231
4224,6234
4228,6237
4230,6240
4231,6243
4233,6246
4234,6249
4236,6252
4237,6255
4239,6258
4240,6261
4243,6264
4244,6267
4247,6270
4249,6273
4251,6276
4253,6279
4255,6282
4256,6285
4258,6288
4260,6291
4264,6294
4265,6297
4267,6300
4268,6303
4272,6306
4277,6309
4278,6312
4279,6315
4281,6318
4282,6321
4284,6324
4291,6327
4292,6330
4293,6333
4294,6336
4296,6339
4297,6342
4298,6345
4299,6348
4301,6351
4304,6354
4305,6357
4307,6360
4308,6363
4309,6366
4313,6369
4314,6372
4315,6375
4316,6378
4317,6381
4319,6384
4325,6387
4326,6390
4327,6393
4331,6396
4332,6399
4333,6402
4339,6405
4340,6408
4341,6411
4343,6414
4351,6417
4354,6420
4360,6423
4362,6426
4363,6429
4365,6432
4368,6435
4369,6438
4370,6441
4371,6444
4373,6447
4375,6450
4376,6453
4377,6456
4381,6459
4382,6462
4384,6465
4385,6468
4388,6471
4390,6474
4393,6477
4394,6480
4396,6483
4398,6486
4400,6489
4401,6492
4402,6495
4404,6498
4405,6501
4408,6504
4410,6507
4411,6510
4412,6513
4413,6516
4416,6519
4417,6522
4418,6525
4419,6528
4420,6531
4421,6534
4422,6537
4424,6540
4425,6543
4426,6546
4427,6549
4430,6552
4431,6555
4433,6558
4438,6561
4441,6564
4443,6567
4445,6570
4447,6573
4449,6576
4450,6579
4453,6582
4458,6585
4461,6588
4462,6591
4464,6594
4468,6597
4470,6600
4472,6603
4473,6606
4474,6609
4477,6612
4479,6615
4480,6618
4485,6621
4486,6624
4488,6627
4494,6630
4495,6633
4496,6636
4498,6639
4499,6642
4503,6645
4505,6648
4506,6651
4509,6654
4510,6657
4513,6660
4515,6663
4519,6666
4522,6669
4523,6672
4524,6675
4525,6678
4526,6681
4528,6684
4530,6687
4533,6690
4537,6693
4541,6696
4542,6699
4547,6702
4552,6705
4554,6708
4557,6711
4561,6714
4564,6717
4566,6720
4567,6723
4572,6726
4576,6729
4578,6732
4580,6735
4582,6738
4587,6741
4588,6744
4591,6747
4592,6750
4593,6753
4598,6756
4599,6759
4600,6762
4601,6765
4602,6768
4604,6771
4607,6774
4608,6777
4612,6780
4613,6783
4615,6786
4616,6789
4620,6792
4622,6795
4623,6798
4624,6801
4625,6804
4639,6807
4641,6810
4642,6813
4643,6816
4644,6819
4653,6822
4654,6825
4655,6828
4656,6831
4657,6834
4658,6837
4659,6840
4661,6843
4663,6846
4664,6849
4665,6852
4666,6855
4671,6858
4673,6861
4674,6864
4676,6867
4680,6870
4681,6873
4682,6876
4683,6879
4686,6882
4687,6885
4689,6888
4690,6891
4692,6894
4694,6897
4698,6900
4699,6903
4700,6906
4701,6909
4702,6912
4704,6915
4705,6918
4706,6921
4708,6924
4709,6927
4710,6930
4713,6933
4715,6936
4716,6939
4719,6942
4720,6945
4723,6948
4724,6951
4725,6954
4726,6957
4727,6960
4729,6963
4732,6966
4733,6969
4734,6972
4737,6975
4739,6978
4741,6981
4742,6984
4743,6987
4744,6990
4747,6993
4748,6996
4749,6999
4750,7002
4751,7005
4755,7008
4758,7011
4760,7014
4764,7017
4765,7020
4767,7023
4769,7026
4771,7029
4772,7032
4775,7035
4777,7038
4778,7041
4779,7044
4780,7047
4783,7050
4784,7053
4785,7056
4788,7059
4789,7062
4790,7065
4795,7068
4798,7071
4801,7074
4802,7077
4803,7080
4804,7083
4808,7086
4813,7089
4814,7092
4820,7095
4821,7098
4824,7101
4825,7104
4826,7107
4827,7110
4834,7113
4835,7116
4837,7119
4838,7122
4840,7125
4841,7128
4849,7131
4853,7134
4857,7137
4860,7140
4861,7143
4862,7146
4863,7149
4864,7152
4867,7155
4868,7158
4869,7161
4872,7164
4874,7167
4877,7170
4878,7173
4880,7176
4881,7179
4882,7182
4883,7185
4885,7188
4887,7191
4888,7194
4889,7197
4890,7200
4891,7203
4892,7206
4893,7209
4896,7212
4897,7215
4899,7218
4900,7221
4901,7224
4903,7227
4904,7230
4905,7233
4908,7236
4911,7239
4914,7242
4916,7245
4917,7248
4918,7251
4919,7254
4920,7257
4924,7260
4927,7263
4930,7266
4933,7269
4935,7272
4936,7275
4937,7278
4941,7281
4942,7284
4945,7287
4947,7290
4948,7293
4949,7296
4951,7299
4953,7302
4957,7305
4958,7308
4959,7311
4960,7314
4961,7317
4965,7320
4966,7323
4968,7326
4969,7329
4970,7332
4971,7335
4975,7338
4979,7341
4981,7344
4982,7347
4983,7350
4987,7353
4988,7356
4995,7359
4997,7362
5003,7365
5005,7368
5007,7371
5011,7374
5012,7377
5014,7380
5015,7383
5016,7386
5020,7389
5022,7392
5023,7395
5026,7398
5030,7401
5031,7404
5032,7407
5034,7410
5036,7413
5039,7416
5040,7419
5044,7422
5047,7425
5048,7428
5049,7431
5050,7434
5051,7437
5052,7440
5055,7443
5058,7446
5059,7449
5062,7452
5066,7455
5067,7458
5068,7461
5069,7464
5070,7467
5073,7470
5075,7473
5080,7476
5082,7479
5084,7482
5086,7485
5087,7488
5088,7491
5089,7494
5093,7497
5095,7500
5097,7503
5098,7506
5101,7509
5103,7512
5105,7515
5106,7518
5107,7521
5108,7524
5109,7527
5110,7530
5117,7533
5119,7536
5121,7539
5124,7542
5125,7545
5128,7548
5129,7551
5132,7554
5135,7557
5136,7560
5143,7563
5144,7566
5146,7569
5147,7572
5148,7575
5150,7578
5152,7581
5155,7584
5158,7587
5159,7590
5161,7593
5163,7596
5164,7599
5168,7602
5172,7605
5173,7608
5175,7611
5176,7614
5178,7617
5184,7620
5186,7623
5187,7626
5190,7629
5192,7632
5194,7635
5196,7638
5199,7641
5201,7644
5203,7647
5206,7650
5208,7653
5209,7656
5210,7659
5213,7662
5215,7665
5216,7668
5217,7671
5220,7674
5226,7677
5227,7680
5230,7683
5231,7686
5234,7689
5236,7692
5238,7695
5239,7698
5240,7701
5243,7704
5245,7707
5246,7710
5247,7713
5248,7716
5249,7719
5253,7722
5254,7725
5256,7728
5259,7731
5260,7734
5261,7737
5264,7740
5265,7743
5268,7746
5269,7749
5270,7752
5271,7755
5272,7758
5273,7761
5274,7764
5278,7767
5279,7770
5280,7773
5281,7776
5282,7779
5284,7782
5286,7785
5288,7788
5289,7791
5290,7794
5291,7797
5294,7800
5295,7803
5296,7806
5297,7809
5301,7812
5303,7815
5304,7818
5306,7821
5308,7824
5310,7827
5311,7830
5312,7833
5314,7836
5317,7839
5318,7842
5320,7845
5321,7848
5329,7851
5330,7854
5331,7857
5332,7860
5335,7863
5336,7866
5337,7869
5338,7872
5341,7875
5343,7878
5349,7881
5350,7884
5355,7887
5356,7890
5357,7893
5359,7896
5362,7899
5365,7902
5367,7905
5372,7908
5373,7911
5374,7914
5377,7917
5378,7920
5380,7923
5382,7926
5383,7929
5386,7932
5387,7935
5388,7938
5394,7941
5395,7944
5397,7947
5398,7950
5399,7953
5400,7956
5401,7959
5402,7962
5404,7965
5405,7968
5406,7971
5408,7974
5411,7977
5413,7980
5414,7983
5415,7986
5416,7989
5419,7992
5421,7995
5422,7998
5423,8001
5425,8004
5427,8007
5428,8010
5429,8013
5430,8016
5431,8019
5433,8022
5436,8025
5437,8028
5438,8031
5451,8034
5454,8037
5461,8040
5462,8043
5466,8046
5468,8049
5470,8052
5471,8055
5473,8058
5476,8061
5477,8064
5483,8067
5485,8070
5488,8073
5492,8076
5493,8079
5494,8082
5495,8085
5496,8088
5497,8091
5498,8094
5500,8097
5503,8100
5505,8103
5506,8106
5508,8109
5510,8112
5511,8115
5512,8118
5517,8121
5518,8124
5519,8127
5520,8130
5523,8133
5524,8136
5525,8139
5526,8142
5527,8145
5528,8148
5530,8151
5531,8154
5533,8157
5534,8160
5536,8163
5537,8166
5538,8169
5539,8172
5541,8175
5543,8178
5544,8181
5545,8184
5551,8187
5552,8190
5556,8193
5557,8196
5559,8199
5561,8202
5562,8205
5563,8208
5565,8211
5567,8214
5568,8217
5569,8220
5574,8223
5579,8226
5584,8229
5586,8232
5587,8235
5596,8238
5599,8241
5601,8244
5602,8247
5604,8250
5609,8253
5610,8256
5614,8259
5615,8262
5618,8265
5619,8268
5620,8271
5621,8274
5623,8277
5628,8280
5630,8283
5631,8286
5633,8289
5635,8292
5636,8295
5639,8298
5642,8301
5644,8304
5645,8307
5649,8310
5651,8313
5653,8316
5655,8319
5659,8322
5661,8325
5662,8328
5665,8331
5667,8334
5669,8337
5673,8340
5675,8343
5676,8346
5677,8349
5678,8352
5682,8355
5684,8358
5685,8361
5687,8364
5688,8367
5689,8370
5692,8373
5694,8376
5695,8379
5697,8382
5699,8385
5700,8388
5703,8391
5705,8394
5706,8397
5707,8400
5710,8403
5714,8406
5715,8409
5717,8412
5718,8415
5719,8418
5721,8421
5722,8424
5723,8427
5724,8430
5726,8433
5727,8436
5729,8439
5730,8442
5731,8445
5732,8448
5733,8451
5734,8454
5737,8457
5739,8460
5740,8463
5741,8466
5742,8469
5745,8472
5746,8475
5751,8478
5752,8481
5753,8484
5757,8487
5760,8490
5762,8493
5763,8496
5765,8499
5766,8502
5770,8505
5771,8508
5773,8511
5775,8514
5777,8517
5778,8520
5780,8523
5781,8526
5783,8529
5784,8532
5785,8535
5786,8538
5787,8541
5788,8544
5790,8547
5791,8550
5792,8553
5794,8556
5796,8559
5797,8562
5798,8565
5803,8568
5805,8571
5808,8574
5809,8577
5810,8580
5811,8583
5818,8586
5820,8589
5821,8592
5822,8595
5829,8598
5830,8601
5834,8604
5841,8607
5842,8610
5843,8613
5844,8616
5846,8619
5849,8622
5850,8625
5851,8628
5856,8631
5857,8634
5858,8637
5859,8640
5860,8643
5862,8646
5864,8649
5867,8652
5868,8655
5870,8658
5871,8661
5872,8664
5873,8667
5874,8670
5875,8673
5877,8676
5883,8679
5886,8682
5888,8685
5889,8688
5895,8691
5897,8694
5899,8697
5901,8700
5902,8703
5904,8706
5906,8709
5908,8712
5909,8715
5911,8718
5913,8721
5915,8724
5916,8727
5919,8730
5921,8733
5924,8736
5926,8739
5928,8742
5929,8745
5935,8748
5936,8751
5938,8754
5939,8757
5940,8760
5943,8763
5945,8766
5946,8769
5948,8772
5949,8775
5951,8778
5953,8781
5955,8784
5956,8787
5958,8790
5962,8793
5965,8796
5966,8799
5967,8802
5968,8805
5969,8808
5970,8811
5972,8814
5974,8817
5975,8820
5976,8823
5977,8826
5980,8829
5981,8832
5983,8835
5988,8838
5991,8841
5992,8844
5993,8847
5994,8850
5995,8853
5996,8856
5997,8859
5998,8862
6001,8865
6002,8868
6003,8871
6004,8874
6006,8877
6017,8880
6018,8883
6020,8886
6022,8889
6023,8892
6025,8895
6034,8898
6035,8901
6038,8904
6039,8907
6040,8910
6041,8913
6045,8916
6052,8919
6054,8922
6057,8925
6058,8928
6059,8931
6060,8934
6062,8937
6063,8940
6064,8943
6065,8946
6067,8949
6068,8952
6072,8955
6073,8958
6075,8961
6076,8964
6079,8967
6081,8970
6083,8973
6084,8976
6085,8979
6087,8982
6091,8985
6092,8988
6093,8991
6099,8994
6100,8997
6102,9000
6104,9003
6106,9006
6109,9009
6112,9012
6114,9015
6116,9018
6118,9021
6123,9024
6127,9027
6135,9030
6138,9033
6140,9036
6142,9039
6144,9042
6146,9045
6147,9048
6150,9051
6151,9054
6153,9057
6155,9060
6156,9063
6158,9066
6162,9069
6164,9072
6165,9075
6166,9078
6168,9081
6170,9084
6171,9087
6172,9090
6175,9093
6176,9096
6180,9099
6181,9102
6182,9105
6183,9108
6184,9111
6185,9114
6186,9117
6187,9120
6193,9123
6198,9126
6202,9129
6203,9132
6204,9135
6206,9138
6207,9141
6209,9144
6213,9147
6217,9150
6222,9153
6224,9156
6227,9159
6229,9162
6230,9165
6234,9168
6235,9171
6242,9174
6243,9177
6247,9180
6250,9183
6251,9186
6257,9189
6259,9192
6262,9195
6263,9198
6269,9201
6270,9204
6271,9207
6272,9210
6273,9213
6275,9216
6278,9219
6279,9222
6280,9225
6282,9228
6283,9231
6286,9234
6288,9237
6289,9240
6294,9243
6295,9246
6296,9249
6298,9252
6301,9255
6302,9258
6303,9261
6304,9264
6305,9267
6306,9270
6307,9273
6308,9276
6310,9279
6311,9282
6312,9285
6313,9288
6314,9291
6315,9294
6316,9297
6317,9300
6318,9303
6321,9306
6322,9309
6325,9312
6326,9315
6327,9318
6328,9321
6331,9324
6334,9327
6335,9330
6337,9333
6338,9336
6339,9339
6341,9342
6342,9345
6345,9348
6346,9351
6349,9354
6351,9357
6355,9360
6358,9363
6359,9366
6362,9369
6364,9372
6365,9375
6366,9378
6367,9381
6369,9384
6370,9387
6371,9390
6372,9393
6373,9396
6374,9399
6378,9402
6379,9405
6381,9408
6383,9411
6384,9414
6385,9417
6386,9420
6388,9423
6390,9426
6391,9429
6393,9432
6397,9435
6399,9438
6405,9441
6407,9444
6408,9447
6410,9450
6413,9453
6414,9456
6415,9459
6416,9462
6418,9465
6421,9468
6426,9471
6427,9474
6428,9477
6429,9480
6431,9483
6432,9486
6433,9489
6435,9492
6438,9495
6440,9498
6441,9501
6442,9504
6445,9507
6449,9510
6450,9513
6455,9516
6456,9519
6457,9522
6461,9525
6462,9528
6464,9531
6466,9534
6470,9537
6471,9540
6477,9543
6479,9546
6480,9549
6481,9552
6482,9555
6483,9558
6487,9561
6493,9564
6494,9567
6495,9570
6498,9573
6499,9576
6501,9579
6502,9582
6503,9585
6505,9588
6507,9591
6509,9594
6513,9597
6514,9600
6515,9603
6517,9606
6518,9609
6521,9612
6522,9615
6523,9618
6526,9621
6528,9624
6529,9627
6533,9630
6534,9633
6539,9636
6540,9639
6542,9642
6543,9645
6544,9648
6548,9651
6551,9654
6553,9657
6556,9660
6560,9663
6563,9666
6565,9669
6566,9672
6568,9675
6572,9678
6574,9681
6575,9684
6576,9687
6578,9690
6580,9693
6581,9696
6582,9699
6585,9702
6586,9705
6587,9708
6592,9711
6593,9714
6596,9717
6598,9720
6599,9723
6600,9726
6601,9729
6602,9732
6605,9735
6606,9738
6607,9741
6608,9744
6612,9747
6616,9750
6617,9753
6618,9756
6619,9759
6624,9762
6625,9765
6626,9768
6632,9771
6633,9774
6634,9777
6635,9780
6636,9783
6637,9786
6638,9789
6639,9792
6650,9795
6656,9798
6657,9801
6658,9804
6659,9807
6666,9810
6667,9813
6671,9816
6673,9819
6674,9822
6675,9825
6677,9828
6679,9831
6680,9834
6681,9837
6683,9840
6684,9843
6685,9846
6687,9849
6689,9852
6692,9855
6693,9858
6695,9861
6696,9864
6698,9867
6699,9870
6700,9873
6702,9876
6703,9879
6709,9882
6711,9885
6712,9888
6714,9891
6720,9894
6722,9897
6724,9900
6726,9903
6728,9906
6729,9909
6730,9912
6732,9915
6736,9918
6738,9921
6740,9924
6741,9927
6746,9930
6750,9933
6751,9936
6753,9939
6757,9942
6762,9945
6763,9948
6764,9951
6767,9954
6768,9957
6770,9960
6771,9963
6772,9966
6776,9969
6777,9972
6780,9975
6782,9978
6783,9981
6784,9984
6785,9987
6786,9990
6787,9993
6789,9996
6790,9999
6791,10002
6792,10005
6793,10008
6795,10011
6797,10014
6798,10017
6801,10020
6802,10023
6806,10026
6810,10029
6812,10032
6813,10035
6818,10038
6819,10041
6820,10044
6823,10047
6824,10050
6828,10053
6829,10056
6833,10059
6834,10062
6835,10065
6837,10068
6839,10071
6840,10074
6841,10077
6842,10080
6843,10083
6844,10086
6850,10089
6852,10092
6853,10095
6854,10098
6856,10101
6864,10104
6868,10107
6871,10110
6872,10113
6874,10116
6875,10119
6877,10122
6881,10125
6886,10128
6888,10131
6889,10134
6892,10137
6894,10140
6896,10143
6898,10146
6899,10149
6906,10152
6907,10155
6910,10158
6912,10161
6913,10164
6914,10167
6915,10170
6916,10173
6918,10176
6919,10179
6920,10182
6921,10185
6926,10188
6930,10191
6931,10194
6932,10197
6933,10200
6934,10203
6936,10206
6937,10209
6940,10212
6943,10215
6944,10218
6945,10221
6949,10224
6950,10227
6951,10230
6952,10233
6953,10236
6955,10239
6959,10242
6961,10245
6963,10248
6964,10251
6968,10254
6969,10257
6971,10260
6973,10263
6976,10266
6977,10269
6980,10272
6982,10275
6983,10278
6986,10281
6987,10284
6989,10287
6991,10290
6993,10293
6994,10296
6996,10299
6997,10302
7000,10305
7001,10308
7003,10311
7006,10314
7007,10317
7009,10320
7012,10323
7013,10326
7016,10329
7017,10332
7018,10335
7019,10338
7022,10341
7023,10344
7026,10347
7031,10350
7032,10353
7035,10356
7042,10359
7047,10362
7048,10365
7050,10368
7053,10371
7054,10374
7055,10377
7056,10380
7057,10383
7061,10386
7063,10389
7064,10392
7066,10395
7067,10398
7068,10401
7070,10404
7073,10407
7076,10410
7077,10413
7078,10416
7080,10419
7081,10422
7082,10425
7084,10428
7085,10431
7086,10434
7088,10437
7093,10440
7094,10443
7097,10446
7099,10449
7100,10452
7101,10455
7102,10458
7103,10461
7105,10464
7106,10467
7108,10470
7110,10473
7111,10476
7113,10479
7114,10482
7115,10485
7116,10488
7117,10491
7119,10494
7121,10497
7122,10500
7126,10503
7127,10506
7128,10509
7129,10512
7130,10515
7132,10518
7134,10521
7135,10524
7136,10527
7139,10530
7142,10533
7143,10536
7145,10539
7146,10542
7147,10545
7148,10548
7154,10551
7155,10554
7157,10557
7158,10560
7159,10563
7162,10566
7164,10569
7165,10572
7166,10575
7167,10578
7169,10581
7170,10584
7171,10587
7172,10590
7174,10593
7175,10596
7176,10599
7181,10602
7184,10605
7186,10608
7187,10611
7188,10614
7192,10617
7193,10620
7194,10623
7195,10626
7198,10629
7204,10632
7206,10635
7207,10638
7209,10641
7211,10644
7212,10647
7215,10650
7216,10653
7220,10656
7222,10659
7223,10662
7224,10665
7225,10668
7227,10671
7228,10674
7231,10677
7232,10680
7234,10683
7235,10686
7239,10689
7240,10692
7241,10695
7243,10698
7244,10701
7245,10704
7248,10707
7251,10710
7253,10713
7256,10716
7259,10719
7260,10722
7264,10725
7268,10728
7270,10731
7271,10734
7273,10737
7279,10740
7280,10743
7282,10746
7283,10749
7287,10752
7290,10755
7292,10758
7293,10761
7296,10764
7297,10767
7298,10770
7299,10773
7300,10776
7301,10779
7303,10782
7304,10785
7305,10788
7306,10791
7308,10794
7311,10797
7313,10800
7318,10803
7319,10806
7322,10809
7324,10812
7326,10815
7327,10818
7328,10821
7329,10824
7331,10827
7335,10830
7336,10833
7338,10836
7340,10839
7344,10842
7348,10845
7349,10848
7350,10851
7353,10854
7355,10857
7358,10860
7359,10863
7362,10866
7363,10869
7364,10872
7373,10875
7379,10878
7380,10881
7381,10884
7383,10887
7384,10890
7385,10893
7386,10896
7387,10899
7388,10902
7389,10905
7394,10908
7396,10911
7398,10914
7401,10917
7403,10920
7405,10923
7408,10926
7410,10929
7411,10932
7415,10935
7418,10938
7420,10941
7421,10944
7422,10947
7424,10950
7425,10953
7427,10956
7428,10959
7429,10962
7430,10965
7431,10968
7433,10971
7435,10974
7437,10977
7438,10980
7439,10983
7441,10986
7443,10989
7444,10992
7445,10995
7446,10998
7449,11001
7452,11004
7454,11007
7455,11010
7461,11013
7464,11016
7466,11019
7467,11022
7468,11025
7470,11028
7472,11031
7474,11034
7475,11037
7477,11040
7479,11043
7480,11046
7481,11049
7483,11052
7484,11055
7485,11058
7494,11061
7501,11064
7502,11067
7503,11070
7507,11073
7508,11076
7511,11079
7513,11082
7514,11085
7516,11088
7517,11091
7518,11094
7524,11097
7527,11100
7528,11103
7529,11106
7530,11109
7531,11112
7532,11115
7533,11118
7534,11121
7536,11124
7538,11127
7539,11130
7540,11133
7542,11136
7546,11139
7550,11142
7552,11145
7555,11148
7556,11151
7557,11154
7559,11157
7561,11160
7562,11163
7563,11166
7566,11169
7568,11172
7571,11175
7574,11178
7575,11181
7576,11184
7577,11187
7578,11190
7580,11193
7581,11196
7583,11199
7587,11202
7588,11205
7589,11208
7590,11211
7591,11214
7593,11217
7595,11220
7596,11223
7597,11226
7599,11229
7601,11232
7603,11235
7607,11238
7608,11241
7611,11244
7612,11247
7614,11250
7616,11253
7617,11256
7618,11259
7619,11262
7621,11265
7623,11268
7624,11271
7629,11274
7633,11277
7634,11280
7636,11283
7637,11286
7638,11289
7639,11292
7641,11295
7642,11298
7643,11301
7645,11304
7646,11307
7649,11310
7650,11313
7652,11316
7655,11319
7657,11322
7662,11325
7664,11328
7665,11331
7667,11334
7668,11337
7669,11340
7670,11343
7671,11346
7672,11349
7673,11352
7675,11355
7676,11358
7677,11361
7678,11364
7680,11367
7683,11370
7686,11373
7688,11376
7690,11379
7691,11382
7693,11385
7694,11388
7695,11391
7697,11394
7702,11397
7703,11400
7712,11403
7717,11406
7718,11409
7719,11412
7721,11415
7722,11418
7732,11421
7733,11424
7734,11427
7739,11430
7740,11433
7741,11436
7742,11439
7744,11442
7746,11445
7748,11448
7750,11451
7751,11454
7753,11457
7754,11460
7755,11463
7757,11466
7758,11469
7760,11472
7762,11475
7765,11478
7768,11481
7770,11484
7771,11487
7779,11490
7782,11493
7784,11496
7787,11499
7789,11502
7791,11505
7792,11508
7798,11511
7803,11514
7806,11517
7808,11520
7809,11523
7812,11526
7813,11529
7815,11532
7816,11535
7817,11538
7820,11541
7822,11544
7824,11547
7827,11550
7831,11553
7832,11556
7833,11559
7834,11562
7835,11565
7836,11568
7840,11571
7841,11574
7842,11577
7843,11580
7844,11583
7845,11586
7848,11589
7852,11592
7857,11595
7858,11598
7859,11601
7860,11604
7861,11607
7862,11610
7863,11613
7865,11616
7866,11619
7868,11622
7869,11625
7870,11628
7871,11631
7872,11634
7874,11637
7875,11640
7877,11643
7878,11646
7879,11649
7881,11652
7882,11655
7883,11658
7884,11661
7885,11664
7886,11667
7887,11670
7888,11673
7890,11676
7895,11679
7896,11682
7897,11685
7898,11688
7900,11691
7901,11694
7905,11697
7907,11700
7912,11703
7915,11706
7916,11709
7917,11712
7919,11715
7920,11718
7925,11721
7927,11724
7928,11727
7929,11730
7930,11733
7931,11736
7932,11739
7934,11742
7936,11745
7943,11748
7944,11751
7946,11754
7952,11757
7954,11760
7955,11763
7956,11766
7958,11769
7963,11772
7964,11775
7965,11778
7966,11781
7967,11784
7968,11787
7972,11790
7976,11793
7977,11796
7980,11799
7981,11802
7983,11805
7984,11808
7990,11811
7992,11814
7993,11817
7995,11820
7996,11823
7997,11826
7998,11829
8003,11832
8005,11835
8006,11838
8009,11841
8010,11844
8011,11847
8012,11850
8015,11853
8016,11856
8018,11859
8020,11862
8022,11865
8024,11868
8027,11871
8028,11874
8029,11877
8030,11880
8031,11883
8032,11886
8034,11889
8038,11892
8043,11895
8045,11898
8046,11901
8047,11904
8048,11907
8049,11910
8052,11913
8053,11916
8055,11919
8058,11922
8063,11925
8064,11928
8065,11931
8066,11934
8067,11937
8068,11940
8074,11943
8075,11946
8078,11949
8079,11952
8080,11955
8085,11958
8087,11961
8089,11964
8091,11967
8092,11970
8094,11973
8099,11976
8101,11979
8102,11982
8105,11985
8107,11988
8109,11991
8110,11994
8116,11997
8117,12000
8123,12003
8128,12006
8129,12009
8135,12012
8137,12015
8140,12018
8143,12021
8145,12024
8148,12027
8150,12030
8152,12033
8154,12036
8156,12039
8157,12042
8160,12045
8163,12048
8164,12051
8166,12054
8171,12057
8175,12060
8176,12063
8178,12066
8180,12069
8182,12072
8184,12075
8187,12078
8190,12081
8191,12084
8193,12087
8194,12090
8195,12093
8197,12096
8198,12099
8200,12102
8201,12105
8209,12108
8213,12111
8217,12114
8218,12117
8221,12120
8224,12123
8227,12126
8231,12129
8233,12132
8234,12135
8236,12138
8237,12141
8239,12144
8242,12147
8243,12150
8244,12153
8245,12156
8249,12159
8250,12162
8251,12165
8253,12168
8254,12171
8255,12174
8257,12177
8261,12180
8264,12183
8265,12186
8269,12189
8270,12192
8271,12195
8272,12198
8274,12201
8276,12204
8277,12207
8282,12210
8283,12213
8286,12216
8288,12219
8289,12222
8290,12225
8293,12228
8295,12231
8296,12234
8297,12237
8299,12240
8301,12243
8303,12246
8304,12249
8305,12252
8306,12255
8307,12258
8308,12261
8312,12264
8316,12267
8317,12270
8319,12273
8320,12276
8323,12279
8325,12282
8326,12285
8327,12288
8329,12291
8330,12294
8334,12297
8338,12300
8339,12303
8340,12306
8341,12309
8342,12312
8343,12315
8345,12318
8349,12321
8350,12324
8351,12327
8352,12330
8353,12333
8354,12336
8360,12339
8362,12342
8363,12345
8364,12348
8366,12351
8368,12354
8372,12357
8375,12360
8378,12363
8379,12366
8381,12369
8383,12372
8385,12375
8386,12378
8387,12381
8390,12384
8394,12387
8396,12390
8397,12393
8398,12396
8399,12399
8400,12402
8401,12405
8402,12408
8403,12411
8405,12414
8406,12417
8408,12420
8410,12423
8413,12426
8414,12429
8416,12432
8418,12435
8421,12438
8422,12441
8423,12444
8425,12447
8426,12450
8427,12453
8428,12456
8431,12459
8434,12462
8435,12465
8437,12468
8441,12471
8442,12474
8443,12477
8445,12480
8446,12483
8450,12486
8451,12489
8452,12492
8457,12495
8458,12498
8461,12501
8462,12504
8463,12507
8464,12510
8465,12513
8466,12516
8469,12519
8471,12522
8473,12525
8474,12528
8475,12531
8476,12534
8477,12537
8478,12540
8480,12543
8483,12546
8487,12549
8488,12552
8489,12555
8490,12558
8491,12561
8493,12564
8495,12567
8496,12570
8497,12573
8500,12576
8502,12579
8503,12582
8504,12585
8505,12588
8507,12591
8510,12594
8511,12597
8513,12600
8514,12603
8515,12606
8518,12609
8520,12612
8523,12615
8526,12618
8529,12621
8533,12624
8535,12627
8538,12630
8539,12633
8540,12636
8541,12639
8542,12642
8543,12645
8544,12648
8545,12651
8546,12654
8547,12657
8550,12660
8551,12663
8552,12666
8554,12669
8555,12672
8556,12675
8557,12678
8559,12681
8561,12684
8563,12687
8564,12690
8565,12693
8566,12696
8569,12699
8574,12702
8575,12705
8580,12708
8582,12711
8583,12714
8585,12717
8586,12720
8588,12723
8590,12726
8592,12729
8593,12732
8595,12735
8596,12738
8598,12741
8599,12744
8600,12747
8601,12750
8603,12753
8608,12756
8611,12759
8613,12762
8614,12765
8615,12768
8616,12771
8617,12774
8618,12777
8619,12780
8620,12783
8621,12786
8622,12789
8623,12792
8626,12795
8628,12798
8631,12801
8632,12804
8634,12807
8635,12810
8636,12813
8637,12816
8638,12819
8639,12822
8641,12825
8642,12828
8643,12831
8644,12834
8645,12837
8647,12840
8650,12843
8652,12846
8653,12849
8655,12852
8656,12855
8657,12858
8658,12861
8661,12864
8662,12867
8665,12870
8666,12873
8671,12876
8672,12879
8673,12882
8675,12885
8678,12888
8683,12891
8684,12894
8695,12897
8697,12900
8705,12903
8706,12906
8707,12909
8708,12912
8711,12915
8712,12918
8714,12921
8715,12924
8716,12927
8717,12930
8722,12933
8725,12936
8727,12939
8731,12942
8733,12945
8734,12948
8737,12951
8738,12954
8740,12957
8741,12960
8742,12963
8746,12966
8747,12969
8748,12972
8749,12975
8750,12978
8751,12981
8752,12984
8753,12987
8754,12990
8757,12993
8759,12996
8766,12999
8768,13002
8771,13005
8772,13008
8774,13011
8778,13014
8781,13017
8783,13020
8784,13023
8786,13026
8787,13029
8790,13032
8793,13035
8796,13038
8797,13041
8798,13044
8799,13047
8801,13050
8806,13053
8808,13056
8809,13059
8810,13062
8813,13065
8815,13068
8817,13071
8818,13074
8820,13077
8821,13080
8822,13083
8823,13086
8825,13089
8826,13092
8827,13095
8828,13098
8832,13101
8833,13104
8834,13107
8838,13110
8839,13113
8840,13116
8842,13119
8843,13122
8846,13125
8850,13128
8854,13131
8855,13134
8856,13137
8857,13140
8858,13143
8861,13146
8862,13149
8866,13152
8868,13155
8870,13158
8871,13161
8874,13164
8876,13167
8877,13170
8878,13173
8882,13176
8884,13179
8885,13182
8886,13185
8887,13188
8891,13191
8892,13194
8894,13197
8895,13200
8897,13203
8900,13206
8905,13209
8906,13212
8912,13215
8913,13218
8914,13221
8916,13224
8918,13227
8920,13230
8924,13233
8926,13236
8928,13239
8930,13242
8931,13245
8932,13248
8934,13251
8935,13254
8936,13257
8937,13260
8939,13263
8945,13266
8946,13269
8949,13272
8950,13275
8951,13278
8952,13281
8954,13284
8961,13287
8962,13290
8965,13293
8966,13296
8968,13299
8970,13302
8971,13305
8974,13308
8975,13311
8980,13314
8981,13317
8983,13320
8984,13323
8985,13326
8989,13329
8990,13332
8991,13335
8992,13338
8994,13341
8996,13344
8998,13347
9000,13350
9004,13353
9006,13356
9008,13359
9009,13362
9010,13365
9011,13368
9018,13371
9020,13374
9021,13377
9024,13380
9027,13383
9028,13386
9029,13389
9032,13392
9034,13395
9035,13398
9036,13401
9037,13404
9039,13407
9040,13410
9042,13413
9045,13416
9046,13419
9047,13422
9048,13425
9049,13428
9054,13431
9056,13434
9057,13437
9058,13440
9059,13443
9060,13446
9061,13449
9064,13452
9067,13455
9070,13458
9073,13461
9075,13464
9078,13467
9079,13470
9080,13473
9082,13476
9083,13479
9086,13482
9087,13485
9088,13488
9090,13491
9092,13494
9094,13497
9095,13500
9099,13503
9101,13506
9102,13509
9104,13512
9105,13515
9106,13518
9109,13521
9111,13524
9112,13527
9113,13530
9117,13533
9118,13536
9119,13539
9120,13542
9127,13545
9132,13548
9133,13551
9136,13554
9138,13557
9140,13560
9141,13563
9146,13566
9148,13569
9152,13572
9153,13575
9154,13578
9158,13581
9166,13584
9167,13587
9169,13590
9171,13593
9173,13596
9174,13599
9177,13602
9181,13605
9182,13608
9185,13611
9187,13614
9189,13617
9191,13620
9192,13623
9196,13626
9197,13629
9198,13632
9200,13635
9201,13638
9204,13641
9205,13644
9207,13647
9208,13650
9212,13653
9216,13656
9217,13659
9218,13662
9220,13665
9222,13668
9224,13671
9225,13674
9229,13677
9230,13680
9233,13683
9234,13686
9236,13689
9238,13692
9239,13695
9240,13698
9241,13701
9242,13704
9245,13707
9246,13710
9248,13713
9251,13716
9252,13719
9254,13722
9255,13725
9257,13728
9261,13731
9264,13734
9265,13737
9266,13740
9268,13743
9269,13746
9272,13749
9273,13752
9276,13755
9277,13758
9279,13761
9281,13764
9282,13767
9283,13770
9285,13773
9287,13776
9288,13779
9290,13782
9291,13785
9294,13788
9295,13791
9296,13794
9298,13797
9299,13800
9300,13803
9301,13806
9302,13809
9303,13812
9306,13815
9311,13818
9312,13821
9314,13824
9315,13827
9317,13830
9322,13833
9323,13836
9326,13839
9329,13842
9330,13845
9331,13848
9332,13851
9333,13854
9334,13857
9335,13860
9339,13863
9340,13866
9341,13869
9343,13872
9344,13875
9345,13878
9346,13881
9347,13884
9349,13887
9351,13890
9352,13893
9353,13896
9355,13899
9357,13902
9358,13905
9360,13908
9363,13911
9364,13914
9366,13917
9367,13920
9371,13923
9374,13926
9375,13929
9376,13932
9378,13935
9380,13938
9381,13941
9382,13944
9384,13947
9385,13950
9386,13953
9388,13956
9390,13959
9391,13962
9393,13965
9396,13968
9398,13971
9399,13974
9401,13977
9402,13980
9405,13983
9406,13986
9408,13989
9409,13992
9410,13995
9411,13998
9412,14001
9414,14004
9417,14007
9420,14010
9421,14013
9422,14016
9426,14019
9429,14022
9431,14025
9433,14028
9435,14031
9437,14034
9438,14037
9439,14040
9441,14043
9442,14046
9443,14049
9444,14052
9447,14055
9449,14058
9454,14061
9457,14064
9458,14067
9460,14070
9461,14073
9462,14076
9463,14079
9464,14082
9466,14085
9467,14088
9469,14091
9470,14094
9476,14097
9477,14100
9480,14103
9483,14106
9486,14109
9488,14112
9490,14115
9491,14118
9495,14121
9497,14124
9498,14127
9499,14130
9500,14133
9502,14136
9504,14139
9505,14142
9506,14145
9509,14148
9510,14151
9512,14154
9514,14157
9515,14160
9517,14163
9519,14166
9520,14169
9521,14172
9526,14175
9528,14178
9529,14181
9530,14184
9534,14187
9535,14190
9536,14193
9537,14196
9538,14199
9539,14202
9542,14205
9543,14208
9544,14211
9546,14214
9547,14217
9549,14220
9550,14223
9552,14226
9553,14229
9555,14232
9556,14235
9557,14238
9558,14241
9559,14244
9560,14247
9561,14250
9563,14253
9564,14256
9565,14259
9568,14262
9569,14265
9570,14268
9571,14271
9572,14274
9575,14277
9576,14280
9577,14283
9579,14286
9582,14289
9585,14292
9587,14295
9595,14298
9596,14301
9597,14304
9598,14307
9600,14310
9601,14313
9603,14316
9605,14319
9606,14322
9608,14325
9610,14328
9611,14331
9616,14334
9618,14337
9621,14340
9622,14343
9624,14346
9630,14349
9635,14352
9637,14355
9639,14358
9642,14361
9644,14364
9646,14367
9648,14370
9650,14373
9654,14376
9656,14379
9658,14382
9663,14385
9666,14388
9668,14391
9671,14394
9673,14397
9674,14400
9676,14403
9677,14406
9678,14409
9679,14412
9680,14415
9681,14418
9682,14421
9683,14424
9687,14427
9688,14430
9689,14433
9690,14436
9692,14439
9694,14442
9695,14445
9698,14448
9699,14451
9701,14454
9703,14457
9706,14460
9707,14463
9711,14466
9716,14469
9717,14472
9718,14475
9719,14478
9720,14481
9721,14484
9722,14487
9723,14490
9725,14493
9727,14496
9730,14499
9732,14502
9734,14505
9738,14508
9742,14511
9743,14514
9746,14517
9747,14520
9748,14523
9750,14526
9751,14529
9754,14532
9757,14535
9758,14538
9759,14541
9760,14544
9761,14547
9762,14550
9763,14553
9764,14556
9765,14559
9769,14562
9770,14565
9772,14568
9775,14571
9778,14574
9780,14577
9782,14580
9784,14583
9785,14586
9787,14589
9790,14592
9791,14595
9792,14598
9797,14601
9799,14604
9803,14607
9813,14610
9816,14613
9817,14616
9818,14619
9820,14622
9823,14625
9824,14628
9831,14631
9832,14634
9838,14637
9840,14640
9841,14643
9843,14646
9844,14649
9846,14652
9848,14655
9849,14658
9850,14661
9851,14664
9853,14667
9855,14670
9857,14673
9858,14676
9861,14679
9862,14682
9863,14685
9864,14688
9866,14691
9870,14694
9873,14697
9874,14700
9878,14703
9879,14706
9882,14709
9883,14712
9884,14715
9885,14718
9886,14721
9887,14724
9888,14727
9890,14730
9893,14733
9895,14736
9898,14739
9899,14742
9900,14745
9902,14748
9903,14751
9908,14754
9909,14757
9911,14760
9914,14763
9915,14766
9916,14769
9923,14772
9926,14775
9930,14778
9932,14781
9934,14784
9937,14787
9939,14790
9940,14793
9941,14796
9943,14799
9944,14802
9945,14805
9947,14808
9948,14811
9950,14814
9951,14817
9953,14820
9954,14823
9955,14826
9957,14829
9960,14832
9964,14835
9965,14838
9967,14841
9969,14844
9970,14847
9972,14850
9973,14853
9976,14856
9977,14859
9979,14862
9985,14865
9989,14868
9990,14871
9991,14874
9993,14877
9995,14880
9997,14883
9998,14886
10000,14889
10001,14892
10002,14895
10003,14898
10005,14901
10006,14904
10007,14907
10008,14910
10009,14913
10011,14916
10013,14919
10015,14922
10016,14925
10018,14928
10019,14931
10022,14934
10025,14937
10026,14940
10027,14943
10028,14946
10029,14949
10030,14952
10031,14955
10035,14958
10036,14961
10037,14964
10039,14967
10042,14970
10043,14973
10047,14976
10050,14979
10051,14982
10056,14985
10057,14988
10058,14991
10059,14994
10060,14997
10061,15000
10064,15003
10065,15006
10067,15009
10073,15012
10074,15015
10076,15018
10079,15021
10085,15024
10086,15027
10088,15030
10092,15033
10094,15036
10095,15039
10097,15042
10099,15045
10101,15048
10104,15051
10105,15054
10106,15057
10108,15060
10110,15063
10112,15066
10116,15069
10118,15072
10123,15075
10124,15078
10125,15081
10126,15084
10127,15087
10129,15090
10130,15093
10131,15096
10137,15099
10140,15102
10142,15105
10144,15108
10146,15111
10147,15114
10148,15117
10149,15120
10150,15123
10151,15126
10154,15129
10159,15132
10161,15135
10163,15138
10164,15141
10165,15144
10167,15147
10168,15150
10169,15153
10173,15156
10174,15159
10176,15162
10178,15165
10179,15168
10180,15171
10181,15174
10183,15177
10184,15180
10187,15183
10192,15186
10193,15189
10200,15192
10201,15195
10205,15198
10206,15201
10207,15204
10208,15207
10209,15210
10210,15213
10211,15216
10215,15219
10218,15222
10220,15225
10221,15228
10227,15231
10229,15234
10232,15237
10234,15240
10240,15243
10241,15246
10243,15249
10246,15252
10247,15255
10249,15258
10250,15261
10251,15264
10252,15267
10254,15270
10255,15273
10256,15276
10258,15279
10259,15282
10261,15285
10262,15288
10263,15291
10265,15294
10266,15297
10267,15300
10270,15303
10271,15306
10277,15309
10278,15312
10279,15315
10281,15318
10287,15321
10288,15324
10289,15327
10290,15330
10291,15333
10292,15336
10295,15339
10296,15342
10298,15345
10299,15348
10301,15351
10309,15354
10310,15357
10311,15360
10316,15363
10320,15366
10322,15369
10323,15372
10325,15375
10326,15378
10328,15381
10329,15384
10331,15387
10333,15390
10340,15393
