l_id,r_id
1630,1
1382,6
1611,27
1425,28
1425,29
280,34
298,52
1615,58
1050,59
1555,65
1573,69
1609,77
1572,107
1639,110
1562,122
1582,125
1628,126
1628,127
238,170
1069,185
1654,196
1044,222
1369,223
1623,238
1651,244
1599,245
1072,254
291,259
244,269
1647,272
1634,276
1563,283
234,291
1570,310
1605,316
1564,326
1602,333
1610,339
1592,342
1092,351
1100,357
1618,365
1039,376
1099,385
3612,392
2976,393
3276,410
3080,419
3459,421
3181,432
3440,436
3116,441
3584,446
3584,447
2962,454
3329,465
3182,473
3575,479
4059,483
4059,484
3341,492
3053,504
3452,515
3316,523
3327,527
3327,528
3327,529
3187,535
3294,540
3147,566
3147,567
3220,622
3346,623
3092,633
3419,669
3246,671
3246,672
3153,680
3226,689
3085,692
3458,697
3458,698
3685,714
3572,728
3572,729
3513,731
3230,732
3135,733
3382,735
3541,762
2545,772
2160,779
2427,782
2438,791
2409,796
2455,798
2183,812
2174,816
2365,845
2127,863
2235,866
2551,873
2448,915
2405,926
2386,938
2414,947
2425,948
2559,949
2451,966
456,967
456,968
445,970
445,971
445,972
96,973
2453,980
2285,981
2544,989
2546,996
884,1015
115,1030
2454,1041
2132,1058
2359,1062
123,1073
2550,1076
2392,1097
2392,1098
2446,1103
2446,1104
2555,1111
122,1112
2459,1114
2887,1120
3869,1137
4020,1142
3921,1153
3921,1154
2870,1169
342,1176
342,1177
3962,1179
3916,1185
331,1187
3851,1191
4011,1198
3922,1222
3997,1231
4062,1235
4062,1236
4062,1237
4029,1242
3838,1246
3838,1247
3838,1248
382,1250
4071,1253
435,1270
435,1271
550,1278
3971,1283
3895,1293
4013,1296
2925,1297
3892,1298
3968,1300
2940,1303
3004,1305
3718,1313
3861,1326
3911,1336
351,1353
3950,1355
2892,1385
3956,1395
3991,1398
549,1402
2947,1403
2947,1404
345,1405
345,1406
3704,1409
3704,1410
4089,1425
3562,1427
3111,1429
3430,1433
3430,1434
3430,1435
3443,1441
3535,1451
3469,1460
3061,1483
3061,1484
3304,1503
3280,1507
3280,1508
3165,1511
3058,1514
3255,1524
3076,1526
4090,1527
4056,1533
2953,1543
3420,1552
3104,1588
3282,1599
3235,1619
3582,1633
3339,1648
3409,1667
3343,1708
3258,1716
3412,1720
3350,1728
3070,1729
3070,1730
3284,1747
3225,1748
3675,1749
2980,1750
3141,1776
3171,1781
2987,1783
3618,1784
3567,1787
524,1797
3455,1798
4053,1810
3082,1818
1127,1821
1127,1822
1127,1823
3754,1841
3732,1847
4374,1884
3745,1935
3745,1936
3745,1937
1124,1939
1124,1940
3734,1954
1148,1996
1148,1997
4208,2030
1126,2041
4366,2064
4366,2065
3747,2069
3794,2070
1129,2071
3768,2078
3769,2085
3725,2088
1114,2118
3784,2131
3766,2137
1147,2159
1147,2160
1152,2179
1137,2186
1153,2193
4227,2288
1140,2298
3976,2299
3976,2300
3699,2318
3961,2324
3915,2335
3040,2337
3692,2365
3692,2366
4084,2380
4076,2389
4070,2401
3925,2418
3927,2429
3914,2443
4069,2458
409,2463
3934,2471
3814,2508
3995,2524
3815,2526
4000,2540
3852,2548
4001,2564
4026,2634
437,2644
426,2661
4022,2665
3696,2693
3528,2705
4058,2706
344,2714
3932,2718
355,2720
324,2725
3873,2735
4021,2743
353,2751
380,2766
4012,2769
349,2774
349,2775
2895,2782
341,2812
1037,2824
1678,2826
1616,2828
1430,2838
1608,2844
1686,2853
1542,2864
1598,2894
1601,2905
1631,2906
1106,2908
1401,2937
1404,2954
276,2955
1612,2956
282,2963
1680,2972
1111,2973
1111,2974
1614,2983
1109,2994
1635,3007
1113,3013
1113,3014
1102,3034
1102,3035
1383,3083
1574,3086
243,3102
1660,3115
294,3119
1419,3120
1656,3121
1108,3132
1406,3186
1376,3193
1594,3200
1594,3201
1636,3228
1579,3244
1657,3248
1645,3250
1112,3257
4381,3274
3789,3276
4377,3307
1151,3310
3820,3311
1116,3316
3829,3332
3846,3356
3846,3357
3724,3358
3825,3362
3807,3416
4201,3419
3713,3431
4223,3443
3843,3481
4219,3499
3717,3531
3827,3565
3827,3566
1149,3589
3844,3590
3818,3593
3812,3598
3842,3630
3803,3653
3803,3654
3708,3659
4378,3676
4380,3683
4383,3685
4383,3686
3816,3690
3816,3691
1155,3706
222,3773
222,3774
184,3777
1060,3778
1708,3796
1729,3808
1692,3816
1553,3823
1920,3843
212,3844
1863,3846
921,3850
223,3862
200,3863
201,3884
1866,3897
1715,3903
992,3923
1875,3939
1808,3941
1713,3963
254,3976
1071,3979
1706,3991
1062,4009
274,4014
274,4015
1675,4030
958,4045
262,4050
1804,4082
1739,4083
1753,4086
1800,4116
1800,4117
249,4165
1885,4169
1010,4174
1806,4187
1022,4198
268,4201
268,4202
1005,4250
987,4276
1786,4299
1786,4300
1704,4302
1704,4303
1735,4318
1735,4319
127,4320
124,4324
1755,4343
1724,4395
1882,4404
1898,4407
996,4409
1067,4427
1716,4462
1716,4463
989,4464
1762,4478
269,4489
1684,4516
188,4517
1803,4553
221,4571
186,4572
299,4575
1027,4578
1027,4579
1737,4586
1826,4603
1671,4634
1671,4635
272,4646
213,4681
1025,4718
153,4766
227,4769
1664,4791
1664,4792
247,4815
1013,4831
1894,4834
182,4848
182,4849
1864,4854
1695,4864
1879,4881
1047,4954
1868,4961
1690,4991
1819,5000
1741,5015
1659,5030
104,5043
2042,5071
1957,5079
2190,5080
946,5085
1946,5090
975,5093
2050,5107
2074,5122
2237,5129
2244,5153
965,5167
2301,5188
966,5191
974,5195
134,5242
1930,5250
931,5266
177,5279
962,5292
1932,5295
964,5330
2075,5347
915,5368
1987,5377
157,5392
2001,5393
2328,5395
2202,5401
1888,5407
1960,5444
2347,5447
171,5463
2309,5486
1945,5502
1945,5503
2054,5521
1998,5526
1998,5527
2197,5532
2025,5534
155,5539
155,5540
2144,5563
2809,5566
2718,5569
2718,5570
2497,5596
2801,5612
2600,5616
2595,5621
2622,5624
2703,5643
2616,5664
2599,5665
2651,5669
2480,5674
2596,5695
2659,5703
2659,5704
2660,5717
2660,5718
2496,5724
2496,5725
3361,5730
3361,5731
3361,5732
2784,5736
2591,5762
2797,5765
2654,5769
2509,5827
2702,5836
2492,5837
2753,5838
2512,5839
2641,5840
2646,5842
2646,5843
2494,5852
2606,5853
2606,5854
4096,5855
2569,5858
2707,5868
2768,5876
2647,5879
2727,5880
2785,5882
862,5899
871,5918
867,5945
686,5956
743,5974
678,5975
678,5976
677,5980
699,6014
725,6036
863,6037
739,6039
739,6040
730,6041
666,6047
666,6049
716,6053
724,6059
729,6065
705,6067
705,6068
635,6072
639,6078
717,6078
639,6079
717,6079
717,6080
749,6094
661,6097
661,6098
688,6099
679,6103
711,6106
639,6124
851,6130
646,6132
656,6136
633,6137
702,6144
742,6146
636,6151
741,6153
726,6161
665,6164
648,6170
732,6175
714,6179
662,6183
706,6192
751,6198
2268,6207
2542,6210
897,6211
2319,6221
2476,6240
444,6242
2361,6244
2462,6245
2411,6251
2381,6254
454,6256
152,6261
2364,6266
2155,6279
116,6288
2180,6290
2473,6292
2415,6312
2225,6342
2429,6356
2434,6357
2162,6358
455,6365
2252,6368
2263,6379
2452,6399
2443,6417
2284,6421
2538,6427
2325,6447
2325,6448
2553,6456
2553,6457
2165,6460
2165,6461
2540,6462
2444,6506
2436,6523
118,6532
458,6537
2236,6552
2468,6554
2468,6555
2120,6562
2270,6601
2320,6637
4160,6709
407,6712
4346,6730
4330,6733
4195,6735
4195,6736
4308,6738
4322,6741
3025,6746
4305,6751
4305,6752
4315,6772
4328,6775
4328,6776
4199,6783
4309,6784
4194,6790
4170,6803
4194,6814
4156,6817
4194,6826
1119,6842
4320,6857
4165,6867
429,6886
429,6887
4341,6915
4182,6922
4345,6942
4332,6943
4166,6948
4177,6960
420,6991
3665,7011
418,7018
3032,7030
4340,7049
4340,7050
4197,7054
4331,7081
4323,7117
4317,7118
4342,7120
3017,7132
4191,7133
4329,7137
4321,7139
1445,7164
1242,7189
1420,7197
1471,7201
1471,7202
1516,7217
1345,7221
1399,7237
1303,7244
1294,7248
1360,7254
1094,7275
1427,7279
1213,7282
1416,7283
1416,7284
567,7292
567,7293
1403,7305
1365,7316
1365,7317
1537,7329
1537,7330
1494,7343
1494,7344
1166,7348
1166,7349
1332,7351
1436,7442
1466,7468
1466,7469
600,7476
1469,7487
598,7499
598,7500
607,7523
1504,7548
1372,7597
1195,7639
1352,7661
1302,7670
1388,7717
1363,7719
1362,7720
587,7732
584,7783
2856,7794
2856,7795
443,7805
2759,7811
3142,7843
2879,7845
2589,7858
2640,7859
3112,7888
2957,7889
2752,7893
2839,7902
2111,7903
2119,7919
2762,7924
2893,7932
2724,7933
2724,7934
3152,7951
2746,7953
3211,7965
3211,7966
3174,7985
2884,8000
2832,8007
2890,8023
2093,8041
2942,8047
3138,8052
2769,8055
3257,8059
3257,8060
488,8066
3209,8086
3195,8088
3228,8094
4095,8096
2803,8134
2092,8204
494,8205
2952,8206
2684,8216
2684,8217
2788,8255
1884,8275
210,8276
209,8277
1590,8280
1590,8281
1710,8296
1748,8298
1026,8304
1026,8305
1014,8306
216,8309
1872,8311
1006,8330
259,8352
1878,8420
1770,8433
1770,8434
251,8437
1621,8443
1621,8444
1814,8473
1743,8475
1743,8476
1727,8494
1068,8507
1851,8519
211,8524
1768,8537
1842,8541
1842,8542
1842,8543
1747,8545
1002,8549
1002,8550
1702,8563
1054,8571
1751,8572
983,8577
1777,8592
1917,8593
1766,8596
255,8599
1761,8600
1765,8603
261,8623
205,8628
1883,8642
1662,8669
1705,8672
1558,8684
1558,8685
1870,8708
1790,8730
193,8732
206,8752
1663,8757
1776,8763
1674,8764
1801,8765
1676,8780
192,8784
1015,8787
273,8789
190,8790
1019,8791
1688,8791
1064,8806
1019,8823
1688,8823
1799,8855
1697,8865
2153,8866
2153,8867
2153,8868
1036,8884
1720,8885
1696,8890
183,8891
1711,8896
1028,8903
271,8909
1874,8917
270,8957
1797,8959
1840,8973
1845,8982
204,8996
162,9006
162,9007
224,9020
196,9044
2564,9056
2564,9057
163,9059
1021,9088
195,9089
161,9095
2578,9105
2845,9137
2645,9145
2483,9153
2754,9155
2754,9156
2609,9159
2141,9175
2143,9200
2573,9216
2485,9219
4097,9221
2623,9231
2615,9240
2615,9241
450,9251
2142,9256
2652,9301
2481,9312
2810,9319
2697,9327
2510,9329
2498,9332
2498,9333
2722,9346
2617,9404
2747,9407
2517,9409
2608,9410
2653,9426
2779,9427
2568,9436
2568,9437
2123,9439
2491,9443
2530,9463
2808,9468
2808,9469
2661,9471
3348,9475
2612,9479
4047,9505
2778,9519
2526,9522
2504,9539
3579,9564
2536,9569
1385,9591
1522,9601
1356,9604
1341,9623
1391,9631
288,9641
599,9642
1478,9648
1478,9649
1415,9670
1402,9678
1266,9680
1492,9699
1492,9700
1492,9701
1396,9704
1396,9705
1481,9711
1462,9712
873,9744
1364,9750
1364,9751
1327,9768
1460,9774
1507,9794
1412,9806
1322,9824
1316,9854
1316,9855
1343,9860
1343,9861
1314,9901
970,9902
585,9921
1162,9923
1370,9924
1199,9925
1493,9927
284,9937
1334,9942
1334,9943
1358,9946
2882,9949
3786,9952
308,9955
354,9963
1203,9969
624,9995
1180,9997
1447,9998
1440,10017
340,10036
340,10037
3908,10042
4085,10044
356,10051
3944,10068
3944,10069
335,10082
2964,10092
2964,10093
3002,10099
4006,10101
3867,10103
378,10148
2951,10162
2950,10167
2872,10175
3942,10184
350,10186
3973,10189
3826,10193
4024,10194
3889,10195
3848,10198
2977,10220
3879,10233
367,10234
3909,10235
2963,10237
3930,10262
410,10267
3998,10268
3966,10273
3833,10314
2949,10330
3808,10341
3839,10356
339,10377
3972,10387
352,10409
4025,10411
4025,10412
606,10428
3647,10434
3647,10435
3619,10436
3487,10493
3487,10494
3531,10495
398,10496
3066,10497
3512,10498
3683,10500
3503,10539
401,10540
3604,10561
3583,10574
3583,10575
3638,10582
3677,10620
3671,10632
3609,10642
3667,10646
3494,10647
3611,10662
3611,10663
3493,10669
3493,10670
393,10684
3610,10703
3610,10704
3529,10712
3068,10722
3084,10723
3084,10724
3660,10731
387,10738
3560,10740
3648,10742
3450,10745
3450,10746
400,10760
3479,10794
368,10808
389,10822
3607,10824
3533,10837
3550,10853
604,10878
3074,10881
3045,10887
3630,10889
3488,10890
3012,10894
2426,10895
2475,10914
2267,10916
2134,10918
95,10925
2357,10933
2382,10934
2469,10935
2384,10998
2384,10999
451,11007
2461,11032
2461,11033
453,11046
2383,11047
2458,11060
462,11064
2394,11066
457,11090
466,11093
2322,11096
2279,11111
2279,11112
442,11116
920,11117
920,11118
2374,11133
2338,11155
114,11156
2395,11180
2370,11200
876,11212
2439,11222
2241,11233
2182,11259
2552,11269
1169,11270
2380,11350
2445,11351
2396,11358
2261,11359
2390,11370
1410,11401
592,11445
592,11446
1319,11454
627,11486
1310,11497
317,11500
290,11505
1275,11519
1366,11530
287,11552
1355,11554
1458,11555
1418,11584
1439,11588
1084,11595
1351,11602
1526,11604
1526,11605
1265,11611
1457,11640
1328,11665
295,11674
295,11675
617,11683
617,11684
1444,11700
1400,11704
309,11714
309,11715
625,11717
1171,11741
1293,11758
1231,11793
1081,11794
305,11827
1443,11828
1409,11837
1409,11838
283,11860
1081,11862
1523,11872
1342,11881
1283,11893
1434,11916
1163,11918
1431,11919
1486,11922
880,11928
1271,11929
2251,11934
148,11951
105,11952
1983,11958
1915,11974
2088,11976
1965,11978
1965,11979
2052,11980
2005,11992
2005,11993
1807,11997
976,12016
1771,12020
2266,12029
1976,12032
1982,12035
2198,12045
1905,12062
1919,12071
1919,12072
1995,12074
1995,12075
2302,12076
2233,12089
2233,12090
2275,12092
2312,12094
151,12125
939,12129
2057,12131
985,12135
1773,12142
1940,12188
1940,12189
1918,12192
2033,12227
963,12249
1939,12250
1931,12262
1775,12273
1775,12274
1906,12277
1906,12278
2258,12292
2203,12296
1969,12301
1980,12302
912,12327
164,12334
2028,12341
3629,12347
3601,12348
3540,12354
3570,12360
3319,12363
4045,12366
4091,12367
3289,12370
3289,12371
3188,12393
3722,12402
3337,12403
3321,12406
3564,12419
3162,12421
3162,12422
3162,12423
3128,12439
3128,12440
3532,12446
3231,12468
3463,12470
3311,12479
3387,12480
3374,12484
519,12488
3563,12489
3283,12505
4038,12508
3285,12511
3232,12512
3245,12513
3305,12525
3331,12556
3331,12557
3243,12575
3586,12585
3411,12591
3118,12607
3118,12608
3118,12609
3380,12618
3380,12619
2897,12632
3290,12656
3433,12662
3386,12668
3100,12690
3100,12691
1182,12692
1083,12698
1257,12699
1257,12700
1215,12701
2576,12703
2582,12719
1326,12733
899,12734
1122,12782
1122,12783
1236,12799
564,12802
889,12805
628,12808
628,12809
594,12817
1227,12818
1209,12828
1177,12832
890,12833
1233,12840
1270,12844
1185,12876
1240,12889
1258,12903
995,12904
570,12908
572,12909
1277,12923
618,12932
618,12933
874,12939
1256,12947
568,12950
1045,12951
1216,12952
1170,12971
1133,12973
1230,12976
1115,12988
1208,12991
1157,13008
623,13019
623,13020
1280,13045
1280,13046
1218,13056
574,13060
2282,13064
2539,13076
110,13077
886,13086
2216,13091
475,13111
2402,13125
2465,13171
2418,13185
2418,13186
2327,13189
2358,13204
2478,13210
2466,13258
2466,13261
2412,13281
2401,13286
2388,13287
2389,13293
2389,13294
2173,13358
2124,13360
2122,13371
2431,13389
2377,13406
2157,13418
2157,13419
2360,13426
2385,13437
2393,13439
2393,13440
2278,13457
2541,13472
2413,13488
2407,13491
2367,13493
2167,13531
3396,13550
3661,13598
3542,13600
3286,13601
3075,13619
3191,13644
3456,13649
3364,13667
3514,13670
3598,13688
3065,13698
3595,13703
3597,13730
2873,13740
3536,13755
3132,13765
522,13774
3603,13779
3198,13787
4050,13788
517,13794
3561,13798
3561,13799
3525,13808
3466,13809
3466,13810
3126,13821
3417,13822
3333,13830
3441,13831
3296,13834
2946,13841
3594,13858
3256,13864
3256,13865
3298,13894
3377,13896
3377,13897
3292,13909
3402,13924
4046,13926
3344,13934
3432,13939
3054,13963
1501,13967
1096,13972
318,13979
1207,13983
1344,13985
1520,13993
1529,13999
1536,14002
1509,14006
1098,14010
1098,14011
1535,14014
1087,14034
1080,14051
1510,14052
2566,14064
1228,14090
1097,14112
1513,14127
1513,14128
315,14137
1001,14168
1518,14169
1517,14172
2565,14177
1531,14188
1527,14198
1194,14251
2567,14253
303,14266
1506,14267
1511,14269
1204,14271
1514,14283
1514,14284
314,14297
1534,14301
1561,14306
1530,14308
2562,14340
1190,14342
919,14349
1521,14353
1560,14367
311,14372
1086,14380
1505,14431
1090,14486
1533,14492
1515,14499
1104,14500
738,14511
644,14514
850,14563
689,14584
657,14590
733,14598
640,14600
669,14626
694,14635
748,14650
756,14651
853,14661
853,14662
731,14674
756,14676
753,14684
750,14685
682,14701
710,14730
852,14735
870,14749
747,14752
746,14754
735,14756
752,14758
649,14763
707,14764
869,14765
755,14770
700,14773
713,14802
712,14803
712,14804
745,14817
659,14852
715,14863
687,14876
860,14879
634,14882
651,14887
651,14888
855,14901
668,14905
681,14922
708,14941
703,14946
684,14950
643,14952
757,14956
647,14957
718,14963
2369,14967
2561,14975
2399,14984
2403,14994
2400,15003
98,15010
902,15040
2549,15041
2321,15048
2363,15049
119,15099
2136,15102
2442,15110
2428,15113
460,15121
460,15122
2318,15128
2161,15137
2554,15148
463,15175
2430,15184
459,15190
2371,15202
2332,15207
121,15229
2375,15256
2423,15260
2543,15277
2474,15297
2560,15301
881,15310
881,15311
2460,15317
2391,15322
885,15343
2378,15348
2378,15349
2379,15353
903,15359
2558,15361
2336,15363
2336,15364
2336,15365
154,15371
154,15372
117,15402
2463,15403
2433,15412
1927,15425
1959,15429
1899,15440
1929,15441
969,15449
1994,15477
2240,15496
1971,15505
2043,15517
2259,15562
2089,15579
2089,15580
2208,15595
2208,15596
2031,15613
2003,15616
900,15627
2210,15633
896,15634
1993,15640
877,15642
2249,15644
2249,15645
2249,15646
2349,15651
2058,15657
2058,15658
1972,15663
2200,15677
2242,15683
2017,15695
2047,15708
2260,15715
2177,15717
2030,15720
2295,15723
1936,15742
2217,15744
1817,15754
1895,15755
930,15759
2355,15786
1956,15790
1956,15791
109,15792
140,15809
2333,15834
2333,15835
2168,15853
2310,15855
1979,15865
130,15879
4297,15888
4214,15891
4248,15908
3755,15912
4234,15919
4232,15924
4273,15927
4210,15947
4283,15965
4294,15967
4303,15970
4274,15971
4300,15978
4349,16005
4256,16016
3043,16052
1120,16053
4348,16054
3023,16063
4221,16085
4271,16117
4175,16119
4336,16128
4249,16156
4249,16157
4285,16190
3652,16221
4272,16224
4255,16225
1118,16231
4335,16232
4307,16239
414,16245
414,16246
1141,16249
4220,16251
4218,16260
4168,16282
4168,16283
4222,16285
1142,16288
3919,16289
3919,16290
3989,16291
3897,16292
3868,16294
4009,16326
423,16355
358,16368
4068,16385
430,16393
3929,16399
3929,16400
4003,16418
4003,16419
4005,16433
4005,16434
3946,16442
3946,16443
4004,16454
2899,16457
3969,16464
540,16508
565,16548
348,16559
3697,16560
3951,16562
3886,16579
408,16585
408,16586
2972,16593
3788,16595
3855,16613
539,16623
4010,16641
3779,16643
3885,16650
3738,16673
3858,16679
3937,16680
4017,16683
327,16692
327,16693
4064,16705
3688,16706
3850,16710
551,16712
551,16713
4081,16720
4081,16721
4081,16722
425,16724
434,16725
1136,16727
895,16735
1201,16738
615,16744
1255,16752
1286,16757
907,16761
1200,16771
1189,16776
578,16780
1220,16802
1056,16803
1260,16805
1260,16806
1261,16814
581,16815
1184,16821
1187,16861
1187,16862
586,16869
576,16907
2586,16928
910,16938
2586,16943
1224,16945
1210,16950
1212,16965
2583,16969
2588,16972
997,16974
595,16989
1259,16995
1168,16997
613,16998
2584,17011
1278,17016
1164,17018
908,17023
1167,17034
1167,17035
1279,17046
1269,17047
1146,17064
591,17070
1206,17074
1196,17083
1284,17102
1178,17114
1131,17123
1176,17136
4250,17149
4187,17159
4164,17178
4164,17179
4313,17216
4395,17218
4288,17223
4260,17233
4389,17257
4287,17261
4327,17267
4258,17275
3008,17280
3670,17281
1154,17283
3749,17289
415,17290
4387,17297
3655,17301
4352,17302
4236,17316
4339,17330
3757,17333
4172,17463
4209,17475
4276,17493
4276,17494
4200,17534
4259,17545
4396,17548
4179,17563
4240,17568
4394,17571
4169,17580
4169,17581
3726,17607
4269,17617
531,17715
4311,17716
4146,17720
4140,17753
4147,17768
4132,17771
4148,17786
4120,17792
4112,17820
4130,17829
4117,17830
4150,17842
4136,17848
4119,17852
4113,17866
4144,17900
4134,17903
4141,17904
4152,17905
4153,17911
4116,17919
4122,17945
4121,17952
4125,17959
4110,17960
4118,17962
4123,17976
4124,17983
4109,17987
4114,17994
4107,18001
4126,18023
4108,18029
4142,18030
4133,18040
4127,18049
4151,18056
4129,18064
4115,18078
4143,18081
4149,18087
4106,18103
4106,18104
4145,18114
4137,18126
4139,18128
4379,18137
4263,18149
4301,18151
4203,18167
4347,18181
4239,18194
3824,18204
4228,18216
4351,18226
4167,18227
4211,18234
4244,18251
4180,18253
4343,18254
4281,18256
4293,18265
532,18274
4229,18282
4376,18294
4376,18295
4296,18318
4364,18321
4158,18323
4312,18348
4241,18367
4212,18369
4325,18376
4325,18377
4325,18378
4235,18395
4235,18396
4257,18412
4334,18417
421,18511
4233,18532
4264,18540
3793,18545
4392,18550
4225,18551
4284,18556
3746,18562
2597,18570
2780,18580
2493,18596
2611,18600
2487,18601
2811,18603
2529,18610
2508,18641
2657,18645
2489,18646
2579,18647
2648,18648
2714,18660
3360,18668
2587,18670
2594,18673
2755,18674
2482,18681
2528,18700
2749,18706
2523,18707
3049,18708
2533,18709
2484,18717
2761,18727
449,18728
2580,18735
2610,18736
2758,18739
2522,18747
2771,18761
2771,18762
2619,18773
2531,18775
2658,18779
2605,18781
2532,18784
2571,18785
2527,18789
2650,18791
2757,18792
2733,18802
2634,18804
2634,18805
2817,18809
3202,18812
3133,18813
2837,18822
3217,18823
3711,18829
3401,18844
2943,18850
2913,18854
2741,18857
2741,18858
3200,18868
2090,18901
2914,18907
3271,18914
2148,18920
2675,18921
2104,18936
2708,18954
2633,18959
2631,18970
2846,18985
2846,18986
2679,19001
2816,19004
2905,19010
2853,19018
2666,19032
2103,19034
2103,19035
3215,19045
3137,19050
2118,19051
2719,19052
507,19081
2154,19093
2848,19096
2807,19129
2625,19150
2982,19157
472,19158
472,19159
510,19173
2668,19203
3173,19209
3160,19228
440,19231
2704,19245
2688,19263
2825,19264
2082,19265
2715,19283
2796,19286
2975,19295
3720,19298
3407,19300
2874,19315
511,19320
511,19321
513,19327
489,19346
489,19347
2109,19351
3234,19353
2751,19369
2751,19370
2681,19373
2110,19390
2945,19398
2945,19399
2083,19400
2670,19415
498,19424
2985,19433
2824,19443
2880,19463
3264,19464
492,19471
2691,19475
2869,19486
2830,19492
2629,19510
2896,19520
2812,19531
3000,19532
2840,19537
3448,19566
3251,19569
3251,19570
2898,19572
3107,19578
3214,19596
4044,19599
3219,19635
2956,19636
2986,19643
3199,19648
3705,19651
3904,19654
3953,19655
3887,19688
3702,19691
3958,19701
3733,19708
2988,19723
4034,19729
3952,19753
3990,19766
2928,19771
3947,19772
2916,19775
3954,19779
3893,19780
4018,19782
3912,19792
4078,19793
3903,19798
3933,19807
422,19811
3773,19825
3810,19826
364,19844
3928,19848
3928,19849
542,19853
4063,19872
379,19873
3913,19893
3849,19924
3900,19943
3948,19944
3009,19950
561,19953
325,19954
357,19970
558,19971
4007,19974
3872,19983
3780,19984
3831,19987
3901,19988
4067,19989
4067,19990
1805,19991
263,19996
1707,20002
1822,20003
1059,20016
1734,20023
252,20033
1551,20039
185,20043
1667,20047
1785,20049
1831,20050
1831,20051
1911,20052
1668,20059
1016,20068
1760,20069
1869,20071
1046,20074
1763,20089
1763,20090
1066,20095
2194,20097
207,20103
207,20104
1682,20133
2029,20134
1752,20173
1552,20176
1714,20187
1714,20188
1740,20195
998,20208
191,20209
1873,20222
194,20225
194,20226
194,20227
1759,20231
1876,20241
1018,20243
159,20246
1730,20250
1736,20252
1736,20253
1578,20271
1689,20273
256,20274
1057,20277
1846,20299
1846,20300
1578,20312
1847,20323
202,20334
1791,20339
203,20369
203,20370
977,20380
2095,20384
2308,20401
2051,20404
2330,20405
169,20414
2114,20415
1792,20416
1774,20425
141,20446
2307,20452
2307,20453
1829,20463
1985,20465
2171,20475
2171,20476
2152,20477
1947,20478
2209,20481
933,20490
1935,20493
2048,20509
960,20512
936,20514
2011,20533
2022,20561
2022,20562
1908,20569
2298,20575
2037,20584
979,20586
2213,20602
167,20608
2014,20617
1926,20640
2273,20641
1856,20695
1856,20696
1964,20707
2175,20709
2238,20734
2238,20735
2044,20750
2064,20752
111,20755
3403,20756
3526,20765
3389,20766
3389,20767
3121,20770
3055,20772
3590,20773
3340,20775
3359,20776
3272,20794
3314,20795
3592,20796
3522,20803
3310,20812
3309,20813
3309,20814
3626,20818
3155,20820
506,20853
3446,20856
3599,20859
3177,20862
3277,20869
3605,20873
3462,20875
3473,20894
3326,20914
3415,20920
3318,20927
3190,20931
3194,20932
3391,20942
3149,20962
3308,20985
3621,20986
3365,20988
518,20991
3067,21014
4051,21021
3481,21022
3090,21037
3167,21041
3221,21050
495,21055
1483,21056
1318,21057
901,21058
1359,21064
1359,21065
1292,21066
1417,21069
1421,21075
1459,21079
1496,21081
1306,21109
1077,21124
1211,21132
2045,21150
1432,21154
1330,21155
1188,21158
1346,21160
1387,21161
1903,21161
1387,21162
1903,21162
2193,21164
1368,21166
1488,21166
1368,21167
1488,21167
166,21171
1408,21172
1315,21176
1357,21177
1484,21180
1304,21182
1225,21185
319,21186
1172,21189
1479,21193
304,21199
304,21200
2121,21201
302,21201
2121,21202
302,21202
297,21204
297,21205
1281,21207
1281,21208
306,21209
306,21210
2205,21214
1519,21219
322,21220
626,21224
589,21237
1329,21250
596,21260
1503,21262
1503,21263
1477,21264
630,21274
1468,21275
605,21278
878,21284
1350,21286
1973,21299
103,21302
967,21311
1830,21319
166,21325
1823,21336
136,21357
1977,21365
1977,21366
1951,21374
1784,21401
2218,21405
2218,21406
2189,21436
1970,21438
972,21443
2193,21451
1910,21454
1991,21470
2065,21471
923,21478
2281,21479
2045,21483
2271,21485
947,21486
2222,21487
1387,21496
1903,21496
1368,21500
1488,21500
1942,21505
1942,21506
1942,21507
1408,21508
2159,21512
2159,21513
2159,21514
180,21519
1772,21527
911,21529
1900,21531
1900,21534
2164,21539
137,21541
2053,21545
2306,21545
2306,21548
2060,21571
2034,21583
2337,21616
1238,21639
173,21646
826,21653
835,21655
793,21660
843,21668
824,21722
834,21725
781,21734
781,21735
799,21737
802,21742
805,21744
838,21756
829,21757
829,21758
806,21761
814,21763
832,21769
836,21781
787,21798
787,21799
825,21811
844,21814
827,21838
827,21839
840,21840
783,21843
833,21849
841,21850
782,21874
782,21875
808,21878
803,21887
796,21888
785,21892
830,21892
785,21893
830,21893
831,21903
839,21907
817,21916
817,21917
823,21920
842,21928
815,21952
784,21973
784,21974
777,21984
791,21985
818,21993
792,21994
788,21995
788,21996
797,22015
779,22017
846,22022
3753,22030
3753,22031
4224,22075
3736,22087
3759,22111
3759,22112
4354,22114
3765,22137
3750,22144
4207,22157
3743,22172
3742,22197
4217,22239
4356,22264
411,22288
3730,22291
4155,22318
3763,22320
4204,22330
4204,22331
3739,22336
3744,22351
4359,22357
4362,22358
4357,22364
3752,22365
3762,22366
4355,22368
3764,22397
4157,22410
3507,22425
3628,22429
397,22434
3506,22461
3614,22477
3509,22481
3600,22498
3600,22499
396,22508
3640,22511
3490,22516
3673,22520
3083,22527
394,22528
363,22530
3478,22531
3559,22541
3030,22550
3030,22551
3491,22569
3484,22594
3476,22611
3498,22612
3632,22613
370,22619
3496,22624
3474,22637
3641,22640
3547,22648
3547,22649
3485,22657
412,22662
3656,22682
3656,22683
374,22684
3669,22686
3029,22697
603,22698
3480,22704
402,22719
3018,22726
3554,22727
3048,22743
3048,22744
3020,22745
3495,22746
3495,22747
3519,22750
3027,22777
3027,22778
3102,22790
3397,22791
3358,22802
3086,22814
3086,22815
3166,22821
3332,22846
3602,22850
3602,22851
3124,22862
515,22867
3071,22872
3405,22876
3114,22889
3378,22893
3414,22905
2891,22950
3144,22965
3445,22971
3051,22993
3051,22994
3336,22999
3306,23000
3423,23006
3131,23022
3131,23023
3384,23050
3384,23051
3470,23086
3457,23097
3457,23098
3064,23102
3057,23104
3436,23105
3442,23109
3062,23123
3588,23176
3390,23185
3146,23189
4043,23194
3151,23212
3424,23243
3103,23246
4060,23275
3566,23294
3010,23295
3451,23301
3591,23314
3477,23353
602,23393
602,23394
3453,23405
3684,23411
3684,23412
3500,23416
3500,23417
3510,23445
3511,23449
3013,23465
3643,23486
3643,23487
3038,23496
3635,23502
3551,23522
3616,23536
3504,23543
3653,23559
3631,23562
3475,23596
384,23627
3454,23649
529,23690
3613,23696
3502,23722
3642,23724
3642,23725
3444,23730
3444,23731
3444,23732
3483,23733
3672,23736
399,23743
590,23750
3508,23794
534,23810
373,23814
3568,23820
3637,23822
3662,23825
3678,23826
3501,23843
3465,23844
3578,23845
3024,23848
1794,23858
1683,23873
1854,23877
1205,23881
1722,23911
3553,23950
1033,23963
1788,23980
1877,23985
1877,23986
1793,23992
1793,23993
1827,23999
1721,24009
1837,24015
156,24017
156,24018
1541,24029
1681,24035
1923,24037
1886,24038
160,24039
1783,24042
1783,24043
1003,24048
250,24058
250,24059
189,24068
1670,24100
1048,24102
275,24117
1008,24121
1587,24122
1580,24126
1892,24127
1731,24131
1758,24137
1758,24138
1701,24140
1853,24141
226,24142
1865,24147
1880,24157
264,24158
1548,24159
1058,24160
1007,24170
990,24177
673,24199
775,24204
775,24205
675,24226
766,24254
658,24259
794,24261
759,24284
776,24294
676,24300
795,24308
769,24323
761,24331
768,24340
768,24341
778,24351
813,24375
798,24390
819,24392
780,24416
780,24417
780,24418
763,24443
763,24444
821,24448
812,24451
801,24457
789,24464
674,24472
810,24476
790,24477
786,24481
765,24496
767,24516
760,24517
773,24518
816,24519
807,24531
807,24532
671,24567
764,24576
822,24588
820,24594
848,24632
774,24636
800,24642
762,24647
762,24648
811,24655
804,24659
1485,24669
1454,24708
1392,24716
1347,24722
1386,24735
1386,24736
321,24738
1423,24739
1422,24740
1499,24743
629,24800
629,24801
1512,24810
1226,24836
1324,24837
1384,24859
1465,24860
1331,24872
612,24889
612,24890
1353,24892
1528,24901
893,24910
1321,24914
1525,24923
1183,24926
1320,24932
1381,24933
1348,24934
1453,24936
1456,24939
1262,24948
1461,24961
1333,24966
1307,24972
1241,24973
296,24974
296,24975
601,24983
1336,24986
1247,24988
1489,24989
1452,25013
619,25019
619,25020
1291,25022
1442,25031
1475,25037
1475,25038
1450,25056
1424,25060
404,25091
3072,25107
3180,25108
3180,25109
525,25117
3229,25118
3521,25133
3320,25148
3558,25153
3435,25156
3145,25168
3145,25169
2888,25179
3335,25180
3335,25181
3335,25182
521,25191
3577,25201
3099,25206
3363,25208
3413,25212
3279,25223
3273,25224
3096,25234
3154,25237
3523,25241
3383,25269
3581,25282
3461,25284
3119,25302
2915,25305
3224,25320
3094,25327
3297,25356
3644,25360
3093,25403
3169,25404
502,25405
3101,25407
3406,25409
3368,25439
3608,25443
3178,25444
3178,25445
3527,25447
3527,25448
3322,25457
3233,25479
2974,25491
3372,25502
1802,25504
220,25514
1749,25563
1012,25566
1719,25572
1861,25577
1718,25580
258,25592
1887,25595
1700,25596
1838,25604
266,25615
266,25616
1687,25639
145,25641
145,25642
257,25643
1000,25669
1032,25682
1032,25683
986,25687
994,25715
219,25726
1073,25732
158,25734
1011,25739
1011,25740
1063,25759
1052,25790
1052,25791
248,25797
260,25802
260,25803
1921,25808
1030,25814
991,25827
1756,25830
1764,25838
1764,25839
1745,25846
1732,25847
1746,25858
1742,25859
1796,25861
300,25865
1017,25867
1017,25868
1024,25872
1024,25873
218,25876
218,25877
3905,25885
3735,25894
2981,25895
433,25903
3931,25907
4030,25920
3977,25924
3943,25933
3034,25939
2931,25942
4077,25952
3817,25958
3975,25969
3828,25988
3993,25990
361,25991
361,25992
432,26001
3689,26013
3714,26016
3854,26024
2901,26025
2959,26050
2959,26051
3721,26053
3881,26057
3881,26058
562,26060
3864,26062
2886,26080
3945,26124
4027,26126
428,26138
2983,26148
2983,26149
3709,26156
3980,26163
4073,26208
4073,26209
328,26210
4082,26214
343,26225
2954,26264
3960,26266
4028,26290
3964,26296
40,26303
40,26304
49,26309
45,26328
52,26334
39,26336
61,26349
33,26368
57,26380
58,26386
60,26409
54,26413
54,26414
55,26426
66,26449
28,26461
34,26479
21,26480
21,26481
46,26488
47,26492
37,26501
37,26502
23,26506
30,26513
63,26521
24,26523
24,26524
27,26544
62,26567
20,26574
42,26583
36,26599
31,26601
44,26602
64,26608
56,26622
53,26627
53,26628
25,26631
48,26632
38,26680
3668,26695
3681,26702
3679,26708
405,26726
405,26727
369,26742
3486,26745
3486,26746
35,26756
41,26761
43,26792
50,26819
26,26838
538,26844
3015,26845
3589,26847
385,26851
3044,26853
527,26855
3625,26872
3555,26881
3654,26922
3544,26923
3548,26932
535,26933
391,26945
3042,26946
403,26960
533,26978
3482,26979
3593,26980
3593,26981
366,26998
528,26999
3565,27005
537,27008
417,27009
371,27033
386,27036
3016,27044
3543,27045
3646,27046
392,27047
530,27072
3585,27086
3666,27091
3505,27095
3682,27112
388,27115
15,27117
11,27119
18,27139
89,27149
79,27188
88,27196
88,27197
88,27198
19,27201
81,27209
93,27210
94,27216
1,27217
4,27225
13,27228
75,27238
8,27241
92,27261
83,27263
9,27273
80,27280
77,27295
82,27297
2,27312
84,27313
72,27321
5,27332
67,27369
67,27370
6,27378
0,27382
85,27387
6,27389
17,27395
14,27399
90,27400
10,27401
7,27405
16,27408
91,27422
69,27426
69,27427
12,27428
74,27429
3,27432
86,27446
71,27448
73,27457
68,27462
2094,27464
2967,27468
2924,27472
493,27474
2841,27485
2080,27488
2146,27492
2760,27498
2081,27499
2867,27500
2793,27503
496,27505
2628,27508
2826,27511
2826,27512
2998,27542
464,27546
4054,27549
2106,27562
2676,27583
2676,27584
2676,27585
2672,27611
2672,27612
2955,27620
2883,27641
3439,27644
2673,27645
4094,27661
2627,27673
2990,27679
2990,27680
2683,27681
2744,27686
2871,27687
2973,27693
3347,27697
2125,27711
4093,27757
2923,27797
3213,27803
2147,27805
3399,27818
2859,27835
2814,27859
2740,27860
482,27864
2117,27894
2792,27901
2792,27902
2712,27922
2777,27944
2717,27946
485,27949
2726,27966
2726,27967
2726,27968
4037,27969
2922,27982
2100,27986
2100,27987
3241,27988
3241,27989
3241,27990
3385,28016
3218,28023
2995,28029
2926,28064
2926,28065
2948,28070
2948,28071
3156,28072
3196,28074
2739,28078
2638,28080
2687,28081
2842,28095
2854,28115
2112,28128
2112,28129
468,28186
2671,28196
2671,28197
2766,28204
2829,28209
509,28211
3207,28227
2690,28245
2139,28251
2961,28255
2748,28258
2085,28272
2918,28281
2705,28290
2706,28292
2927,28303
501,28322
481,28350
481,28351
2860,28369
3658,28387
1990,28395
2353,28400
1889,28416
2195,28428
2195,28429
2020,28431
179,28438
147,28440
147,28441
2036,28449
2219,28460
928,28471
1948,28502
2191,28503
956,28519
2323,28521
2000,28534
2223,28535
2341,28548
2192,28556
2192,28557
2296,28580
2247,28600
2344,28601
2019,28602
2253,28607
2006,28615
2009,28655
943,28663
131,28707
2113,28712
1778,28722
108,28736
2315,28740
2176,28750
2035,28796
1912,28816
3756,28833
4237,28841
1117,28866
4280,28876
4262,28880
4361,28881
3657,28884
4184,28927
4316,28939
4251,28941
4162,28945
4360,28946
3819,28948
4391,28950
4350,28952
4279,28953
4254,28955
4198,28977
4375,28995
4161,29004
4310,29009
4215,29068
4295,29081
4238,29102
4298,29157
4298,29158
3790,29168
4304,29175
4304,29176
3796,29189
1144,29190
4318,29191
4206,29237
4344,29249
1132,29255
4242,29256
2862,29264
3001,29267
3001,29268
500,29273
3247,29282
2736,29288
2936,29292
2852,29298
2851,29299
2835,29321
2835,29322
3240,29323
2933,29324
2933,29325
499,29326
2960,29340
477,29346
477,29347
2789,29350
2789,29351
497,29358
2815,29381
2815,29382
2137,29393
483,29397
2709,29406
3106,29408
2827,29409
3250,29410
2865,29413
2686,29414
2635,29428
2767,29435
3242,29438
2790,29441
3216,29442
2894,29446
2991,29449
2750,29479
2750,29480
3664,29483
2663,29493
3227,29516
2863,29517
2669,29518
2919,29544
4057,29553
2907,29586
2772,29587
514,29590
2857,29592
2129,29597
3033,29607
3924,29626
4066,29645
4066,29646
4066,29647
3898,29662
4088,29676
3984,29687
3970,29707
360,29723
3836,29728
3880,29768
4079,29774
3992,29779
548,29786
3695,29790
359,29798
2941,29821
2941,29822
3832,29850
3706,29859
336,29864
4016,29939
3882,29957
3878,29959
3772,29964
372,29984
372,29985
3841,30006
555,30021
546,30035
332,30039
3938,30044
3917,30045
545,30083
3856,30086
3774,30093
3701,30104
4015,30111
3959,30171
3959,30172
556,30174
3835,30182
2917,30194
4074,30197
3853,30201
2102,30216
2692,30222
484,30235
484,30236
2723,30253
2699,30266
2115,30291
2115,30292
2844,30313
4055,30317
2774,30358
3210,30363
3400,30382
3193,30405
2775,30409
3253,30410
2107,30422
2823,30425
2828,30426
2828,30427
3203,30438
2804,30444
2965,30446
2920,30485
3367,30504
2850,30507
2639,30526
2639,30527
2912,30533
471,30541
2999,30550
2999,30551
2999,30552
503,30562
2764,30564
480,30570
486,30572
2996,30592
2868,30614
478,30638
2662,30647
2698,30648
3674,30655
2685,30659
2855,30669
2782,30694
3686,30710
512,30728
3022,30741
2105,30749
2105,30750
3785,30768
4367,30782
3716,30806
4372,30820
3758,30832
3770,30843
3728,30862
3795,30896
3799,30903
3802,30991
3805,31026
4371,31031
1139,31039
3760,31061
4370,31081
4231,31085
3727,31086
1145,31091
3811,31101
4216,31106
3740,31147
3813,31171
3771,31172
3787,31175
3800,31182
3800,31183
4373,31197
3719,31213
3691,31216
3761,31218
3731,31227
3731,31228
2992,31233
441,31250
2716,31255
2700,31309
3205,31320
4040,31325
479,31328
2820,31343
2108,31349
2994,31362
3275,31406
4049,31408
2821,31414
3197,31420
505,31421
4048,31423
3393,31433
2819,31439
2876,31455
3208,31461
2701,31466
2834,31470
2889,31472
2904,31478
2721,31480
3201,31481
3201,31482
2738,31483
473,31487
3362,31494
2861,31524
2101,31529
2664,31564
3352,31565
2636,31598
2938,31602
2770,31612
2770,31613
2997,31628
2096,31637
4041,31642
2667,31650
3408,31662
3408,31663
3185,31667
3097,31671
3606,31677
3492,31684
3492,31685
3627,31689
3088,31695
3338,31705
3471,31709
3471,31710
3517,31715
3517,31716
3376,31730
3238,31734
3222,31737
3123,31754
3370,31757
3189,31771
3515,31772
3515,31773
3236,31774
3288,31786
3425,31793
3281,31794
4039,31796
3184,31808
3184,31809
3460,31817
3077,31819
3573,31841
3268,31850
4052,31872
3313,31879
3472,31903
3059,31918
3556,31922
3244,31962
3120,31974
3265,31995
3545,32035
3168,32048
3136,32059
3539,32060
3052,32063
2903,32065
2903,32066
3105,32067
3293,32071
3371,32098
144,32100
2293,32106
2352,32121
1890,32123
952,32145
952,32146
2294,32172
887,32173
2221,32187
139,32197
128,32201
1966,32216
2015,32220
2145,32223
1901,32253
2007,32254
2007,32255
172,32256
944,32295
2185,32314
2211,32321
2305,32341
2072,32342
146,32375
957,32376
1963,32383
2179,32412
1789,32422
170,32423
1821,32440
1821,32441
2039,32443
2291,32453
918,32470
2204,32489
135,32503
2250,32504
2343,32505
2343,32506
935,32526
1924,32537
1916,32546
1862,32547
2978,32555
2978,32556
470,32591
490,32603
2935,32604
2831,32607
3353,32618
3353,32619
2937,32621
491,32622
491,32623
491,32624
2818,32635
2813,32643
2813,32644
2900,32646
3212,32647
2969,32652
2843,32663
2910,32665
2902,32672
2902,32673
2128,32674
3395,32675
3395,32676
3161,32678
2731,32680
2932,32689
504,32692
2822,32700
2680,32705
2099,32709
2637,32749
2643,32755
2084,32768
2693,32772
2713,32778
2858,32786
3159,32790
3159,32791
2151,32792
2732,32799
3110,32806
467,32814
2695,32827
2695,32828
553,32843
3778,32855
2971,32856
3939,32861
4019,32862
4019,32863
3949,32873
383,32876
541,32883
3965,32910
337,32918
4008,32934
2885,32940
2885,32941
333,32942
4002,32954
4002,32955
3986,32960
3707,32964
2929,32985
2929,32986
3974,32988
3870,32991
2944,32997
3935,33010
3981,33013
365,33050
365,33051
2930,33079
3907,33086
4087,33090
3860,33096
4086,33109
4072,33119
4072,33120
4072,33121
3884,33122
376,33127
3859,33141
560,33143
3809,33154
334,33180
543,33198
4080,33201
3979,33210
347,33215
3862,33233
431,33234
431,33235
2215,33237
2239,33259
2239,33260
2289,33261
2289,33262
2303,33263
2098,33265
948,33277
1996,33284
1996,33285
2026,33310
2004,33311
971,33328
1871,33333
968,33342
938,33343
2311,33345
2078,33352
926,33360
2228,33369
2228,33370
1958,33371
2254,33379
2254,33380
973,33381
176,33391
101,33395
1978,33410
2012,33419
2012,33420
1818,33423
1818,33424
2229,33435
1943,33443
2234,33446
1989,33463
951,33508
2231,33513
1925,33518
2316,33525
2316,33526
2032,33530
2313,33531
1839,33536
2068,33538
2287,33544
2287,33545
2287,33546
126,33568
168,33575
1810,33585
2061,33597
1390,33616
1390,33617
1390,33618
1438,33629
1490,33630
1313,33640
1091,33649
1091,33650
1487,33663
310,33691
310,33692
1179,33707
1179,33708
1272,33751
1082,33812
616,33836
1202,33837
1181,33863
620,33866
631,33881
631,33882
1455,33888
1373,33892
1373,33893
1373,33894
1373,33895
1437,33910
1237,33931
1156,33986
1289,34003
1088,34014
1088,34015
1282,34030
1282,34031
1282,34032
1371,34038
1349,34046
1441,34054
1441,34055
1246,34071
588,34072
1290,34076
1300,34083
1300,34084
888,34097
1296,34113
1473,34129
1473,34130
1323,34137
1524,34158
286,34194
1435,34204
1337,34211
1219,34217
2188,34233
143,34234
143,34235
142,34241
2055,34246
927,34249
945,34267
2049,34269
922,34278
2066,34280
2207,34281
2300,34284
1992,34288
174,34297
2077,34307
1781,34326
2070,34344
1968,34346
1968,34347
1896,34373
875,34388
2326,34397
2023,34403
2246,34428
1962,34441
2206,34462
2010,34465
2181,34466
925,34476
175,34499
2227,34519
2272,34520
2272,34521
2062,34528
2158,34529
1857,34530
1815,34531
1815,34532
1950,34539
1832,34567
950,34587
2220,34601
2220,34602
2299,34612
2071,34621
2071,34622
953,34623
1961,34633
913,34650
1913,34651
2276,34653
178,34690
149,34740
2091,34757
2091,34758
1988,34761
107,34772
1986,34782
1928,34785
2196,34788
914,34789
99,34790
2243,34793
2008,34804
2172,34825
2172,34826
1824,34834
1897,34849
942,34864
898,34875
916,34919
2002,34936
2002,34937
2040,34942
2040,34943
2345,34949
2345,34950
2317,34991
2350,35011
2076,35012
894,35048
2067,35049
2079,35053
112,35056
112,35057
1849,35061
1769,35080
2269,35084
1953,35086
2354,35092
2354,35093
932,35130
2277,35140
929,35159
982,35174
982,35175
2013,35179
1637,35184
1394,35203
1642,35206
1405,35229
1566,35232
1641,35252
1644,35253
240,35255
240,35256
265,35260
265,35261
1595,35271
1638,35290
1583,35296
279,35299
1043,35307
1107,35309
230,35317
1568,35326
1597,35331
1571,35345
1633,35358
1035,35364
1085,35379
231,35402
233,35408
233,35409
277,35411
1543,35411
277,35412
1543,35412
1617,35414
1577,35419
1076,35420
242,35422
242,35423
1389,35424
1607,35431
1604,35432
1393,35433
1624,35437
1051,35450
1613,35477
235,35495
1632,35511
1377,35514
1600,35516
1395,35518
1395,35519
228,35524
246,35532
1672,35546
1672,35547
1544,35559
1669,35567
1379,35570
1299,35586
1428,35602
622,35616
1325,35667
1298,35671
1508,35676
1229,35687
1502,35701
1474,35711
1193,35714
1193,35715
289,35719
1449,35726
312,35729
1426,35762
1467,35765
597,35787
1472,35788
1305,35796
1297,35802
1297,35803
1497,35804
1340,35808
1532,35827
1532,35828
1482,35833
1398,35837
285,35840
1463,35842
1470,35850
1198,35863
1367,35870
1448,35878
1491,35910
1491,35911
1288,35932
1374,35972
1374,35973
611,36004
1301,36013
1361,36022
1311,36023
1160,36025
1309,36033
293,36037
1498,36039
1249,36049
906,36054
1245,36055
1197,36058
1125,36060
573,36087
1287,36088
1268,36090
2572,36091
2572,36092
1223,36102
1128,36113
1175,36118
580,36119
1138,36129
1251,36131
1253,36160
571,36208
1264,36223
610,36257
1186,36260
1123,36291
909,36292
575,36306
1276,36314
1276,36315
882,36327
882,36328
1274,36339
1274,36340
1034,36359
892,36379
892,36380
1217,36406
1239,36412
1239,36413
2581,36415
1254,36427
905,36439
1221,36459
577,36460
1121,36486
1121,36487
1250,36504
1232,36511
1252,36518
1267,36523
1235,36532
1244,36533
1244,36534
253,36551
1665,36563
1554,36576
1065,36578
1754,36598
1757,36602
1009,36622
2149,36633
1726,36638
2150,36640
1041,36656
217,36679
1725,36725
1725,36726
1717,36743
1717,36744
1723,36750
215,36758
1020,36761
988,36770
208,36792
1703,36807
197,36814
1728,36815
2563,36816
1834,36825
225,36879
999,36885
1825,36887
1825,36888
187,36895
1738,36897
165,36899
1798,36900
1798,36901
1779,36908
1860,36911
1694,36933
1053,36934
1658,36962
1588,36988
1782,36991
1782,36992
993,37031
4036,37075
3302,37082
3534,37088
3534,37089
2966,37095
3624,37099
3261,37103
3388,37109
3650,37123
3312,37152
516,37158
3117,37162
3334,37169
3060,37174
3398,37177
3259,37191
3259,37192
3172,37204
2921,37216
3108,37217
3623,37218
3130,37220
3524,37227
3307,37235
2993,37245
2993,37246
3270,37260
3538,37273
3639,37290
3262,37296
3357,37297
3636,37304
3620,37305
3324,37333
3328,37370
3574,37401
3574,37402
3315,37423
406,37436
3095,37437
2178,37478
2178,37479
2447,37493
2467,37499
2467,37500
113,37502
2410,37506
2362,37508
2342,37514
2342,37515
2366,37517
2450,37530
2265,37534
2548,37539
2324,37547
446,37559
2376,37572
2417,37573
2156,37583
465,37585
2387,37587
2368,37590
879,37606
2286,37660
2449,37661
97,37665
2404,37666
2437,37686
2471,37689
2440,37709
2398,37711
2456,37712
2441,37719
106,37721
2547,37729
100,37737
2264,37754
2557,37767
2557,37768
2557,37769
301,37786
2420,37801
2419,37809
2346,37810
2346,37811
2470,37822
461,37885
461,37886
3325,37911
3249,37937
3249,37938
3081,37939
3633,37967
3381,37969
3373,37970
3266,38003
3421,38017
3148,38068
3239,38103
3464,38127
3663,38133
3301,38143
3192,38145
4042,38148
3295,38163
3659,38173
3369,38177
2097,38178
3291,38180
3416,38184
3422,38189
3596,38193
3596,38194
3078,38203
3438,38203
3078,38204
3438,38204
3078,38205
3557,38210
3546,38214
3278,38217
3237,38222
3237,38223
3354,38232
2968,38234
3274,38235
3530,38245
3263,38252
3518,38254
3518,38255
3418,38257
3418,38258
3418,38259
3418,38260
3418,38261
3418,38262
3418,38263
3163,38264
3175,38264
3163,38265
3175,38265
3163,38266
3175,38266
3079,38268
3260,38279
3404,38286
3404,38287
3576,38302
3576,38303
3127,38305
2911,38310
744,38319
744,38320
754,38331
683,38345
690,38362
872,38364
637,38371
857,38384
696,38388
701,38390
650,38414
866,38415
856,38421
728,38449
680,38456
680,38457
864,38462
672,38509
722,38526
652,38549
695,38582
709,38612
638,38627
698,38632
670,38633
653,38634
737,38637
758,38638
660,38640
723,38666
697,38669
641,38670
859,38678
859,38679
704,38680
654,38693
685,38706
868,38718
642,38720
663,38727
858,38728
861,38755
693,38756
667,38757
849,38759
849,38760
664,38764
2939,38782
3920,38786
3920,38787
3883,38803
377,38808
4031,38823
3967,38825
3037,38833
557,38848
557,38849
3874,38888
3987,38891
3923,38896
3775,38899
4065,38930
3906,38971
3906,38972
338,39000
3863,39007
554,39030
3840,39034
3963,39070
3918,39127
3957,39142
2878,39147
3978,39154
4023,39183
3703,39204
552,39209
3899,39212
424,39213
4061,39216
3003,39237
3877,39258
3955,39274
3955,39275
4032,39297
3996,39300
3687,39310
2958,39363
3041,39386
583,39387
3988,39408
3005,39436
3982,39439
1941,39534
949,39545
1816,39554
2274,39567
138,39607
138,39608
1984,39642
959,39674
181,39712
1938,39720
2256,39724
2331,39726
2331,39727
2184,39730
2041,39761
1955,39811
1955,39812
937,39834
2230,39850
917,39875
1967,39876
125,39881
1813,39901
2021,39908
2021,39909
2199,39934
2187,39958
2187,39959
2290,39962
2056,39965
133,39968
2297,40002
2297,40003
2334,40010
2297,40028
940,40032
1954,40034
2297,40036
2063,40037
2063,40038
2283,40045
1999,40057
2351,40072
941,40082
2214,40090
2024,40093
1811,40098
954,40107
2644,40158
2644,40159
2604,40168
487,40199
2501,40215
2503,40218
2787,40219
2806,40221
2632,40227
2632,40228
2743,40230
2773,40231
3050,40238
2786,40240
2602,40247
2735,40249
2593,40252
2598,40277
2479,40310
2575,40311
2585,40315
2614,40333
2805,40335
2495,40339
2495,40340
2742,40342
2742,40343
2511,40356
2486,40363
523,40365
523,40366
2729,40367
2729,40368
2626,40369
2506,40370
2477,40376
2720,40382
2490,40385
2642,40387
2592,40388
2781,40389
2630,40402
2711,40403
3710,40404
3710,40405
2519,40406
2570,40411
2534,40421
2624,40426
232,40427
1110,40431
1093,40439
229,40440
237,40447
1567,40456
1646,40466
1429,40470
1593,40477
1593,40478
1414,40486
1414,40487
1049,40488
1038,40489
1380,40491
1652,40501
1648,40514
1626,40515
1626,40516
1643,40525
1547,40542
1576,40560
1627,40574
241,40575
241,40576
1603,40593
1540,40594
1629,40607
1629,40608
1569,40618
1040,40649
1101,40667
1586,40668
1407,40669
1550,40671
1549,40682
1549,40683
1559,40694
1545,40697
1397,40707
1565,40718
1565,40719
1620,40723
1105,40727
1596,40728
1070,40747
1649,40752
1679,40770
1679,40771
236,40777
1589,40785
4247,40807
4270,40808
4385,40838
4385,40839
3801,40857
4399,40861
4388,40866
4353,40873
4190,40877
4253,40888
3737,40893
3046,40895
416,40903
4189,40905
4189,40907
3039,40917
3039,40919
526,40920
4246,40924
4397,40933
4397,40934
4397,40935
4174,40938
4174,40939
4174,40940
4261,40945
4261,40947
4390,40948
536,40958
536,40959
536,40960
4289,40961
4337,40962
4337,40963
4205,40964
3021,40970
3021,40971
419,40979
419,40980
4243,40990
4386,40994
3019,41020
4319,41021
4319,41022
4338,41024
4202,41025
4181,41027
4186,41029
4176,41032
4183,41034
4173,41041
4192,41042
3748,41044
3006,41053
3006,41054
3006,41055
4230,41064
2515,41065
2601,41067
4105,41068
2521,41074
2798,41099
2505,41110
2507,41111
4100,41115
4103,41130
4103,41131
2537,41137
2535,41139
2520,41147
2520,41148
2500,41164
4101,41172
4101,41173
2783,41174
2783,41175
2618,41193
2499,41197
4102,41198
2607,41205
4099,41206
2513,41228
4104,41229
2514,41239
1677,41255
1836,41256
1836,41257
1699,41259
1699,41260
1843,41261
1843,41262
3287,41271
3351,41277
3089,41279
1622,41291
3410,41294
2288,41314
329,41320
4368,41340
3936,41352
3806,41382
3723,41385
1848,41403
2794,41432
2768,41433
720,41439
854,41441
1317,41532
1078,41533
4075,41538
2373,41611
3392,41617
3392,41618
4035,41624
4135,41723
4111,41732
4384,41737
2765,41752
2979,41759
3248,41760
2984,41768
547,41782
547,41783
4033,41787
1619,41794
1934,41815
2135,41816
316,41825
316,41826
2245,41836
2053,41837
4358,41857
3014,41871
3014,41872
3139,41892
1733,41912
1750,41913
845,41923
1174,41937
1585,41958
1023,41962
3047,41983
4226,42038
3823,42061
4014,42073
2906,42078
2906,42079
3366,42133
436,42140
3694,42151
3776,42155
3896,42159
1159,42262
3056,42271
3303,42273
3639,42277
3125,42280
3422,42295
3269,42297
3418,42299
3418,42300
655,42304
2488,42346
2524,42348
292,42352
1581,42354
1546,42359
1546,42360
4261,42363
4337,42364
3031,42365
2516,42371
1387,43006
1903,43006
4083,1263
3429,20749
1011,25739
1011,25740
4267,31440
2416,37828
3418,40691
1843,41261
1843,41262
